TransactionID,CustomerID,DateKey,Amount,TransactionType,Channel,AccountID,LastUpdated
1001,CUST0201,20220125,3180.97,Credit,Branch,ACC0047,2025-01-22 17:02:26.425929
1002,CUST0202,20220531,4136.81,Debit,ATM,ACC0824,2025-03-14 04:58:26.425945
1003,CUST0202,20220104,2258.88,Debit,Branch,ACC0340,2025-01-18 22:12:26.425961
1004,CUST0202,20220805,3894.88,Credit,ATM,ACC0771,2025-01-20 04:28:26.425982
1005,CUST0202,20220928,3097.97,Debit,Online,ACC0595,2025-04-07 20:26:26.426004
1006,CUST0202,20221215,4030.64,Debit,Branch,ACC0583,2025-03-12 05:07:26.426020
1007,CUST0203,20220312,1665.4,Credit,Branch,ACC0191,2025-01-21 00:02:26.426035
1008,CUST0203,20221024,805.46,Debit,Branch,ACC0679,2025-03-26 01:17:26.426059
1009,CUST0203,20221020,4293.0,Credit,Branch,ACC0909,2025-02-17 04:52:26.426081
1010,CUST0203,20220613,540.79,Credit,Online,ACC0878,2025-03-31 17:33:26.426097
1011,CUST0203,20221010,3897.57,Credit,Branch,ACC0336,2025-03-05 17:53:26.426112
1012,CUST0203,20220313,3253.42,Credit,Branch,ACC0801,2025-04-07 19:33:26.426133
1013,CUST0203,20221227,2523.25,Debit,ATM,ACC0196,2025-01-24 09:18:26.426158
1014,CUST0204,20220519,4960.12,Debit,Online,ACC0953,2025-03-14 03:23:26.426175
1015,CUST0204,20220415,751.28,Credit,Online,ACC0915,2025-04-08 13:46:26.426191
1016,CUST0204,20220601,4271.45,Debit,ATM,ACC0191,2025-02-04 09:02:26.426214
1017,CUST0204,20221122,326.87,Credit,ATM,ACC0311,2025-02-09 11:18:26.426232
1018,CUST0205,20220310,1806.8,Debit,Branch,ACC0183,2025-04-04 04:13:26.426248
1019,CUST0205,20220412,918.56,Debit,Online,ACC0587,2025-03-04 15:11:26.426264
1020,CUST0206,20221212,1237.12,Debit,Online,ACC0328,2025-03-13 01:02:26.426287
1021,CUST0206,20220311,149.62,Credit,ATM,ACC0301,2025-02-23 18:35:26.426305
1022,CUST0206,20220708,2997.56,Debit,Branch,ACC0174,2025-02-08 05:37:26.426321
1023,CUST0207,20221223,1271.16,Credit,ATM,ACC0549,2025-04-07 23:08:26.426336
1024,CUST0207,20220621,912.72,Credit,ATM,ACC0370,2025-02-22 05:25:26.426352
1025,CUST0207,20220804,2327.62,Credit,Online,ACC0974,2025-03-05 17:17:26.426368
1026,CUST0207,20220822,665.11,Credit,ATM,ACC0888,2025-01-15 14:08:26.426383
1027,CUST0207,20220116,1228.48,Debit,Online,ACC0760,2025-02-01 01:12:26.426399
1028,CUST0207,20220430,806.54,Debit,ATM,ACC0170,2025-01-25 18:43:26.426415
1029,CUST0208,20220923,3188.43,Debit,Online,ACC0384,2025-03-14 23:37:26.426430
1030,CUST0208,20220124,3610.64,Credit,Branch,ACC0830,2025-01-23 18:17:26.426448
1031,CUST0208,20221209,2709.97,Credit,Branch,ACC0620,2025-03-21 09:09:26.426474
1032,CUST0209,20221224,2413.19,Credit,ATM,ACC0644,2025-01-17 15:44:26.426493
1033,CUST0209,20221211,3298.65,Debit,ATM,ACC0752,2025-03-23 01:17:26.426510
1034,CUST0209,20220425,1862.23,Debit,Online,ACC0444,2025-01-27 13:24:26.426526
1035,CUST0209,20220325,2232.23,Credit,Branch,ACC0435,2025-03-04 17:56:26.426541
1036,CUST0209,20220813,1135.77,Debit,Online,ACC0520,2025-01-21 11:53:26.426561
1037,CUST0210,20220927,3029.97,Debit,Branch,ACC0482,2025-02-15 03:50:26.426587
1038,CUST0210,20220717,3221.05,Debit,Online,ACC0447,2025-01-19 15:46:26.426611
1039,CUST0211,20221007,444.55,Credit,Branch,ACC0465,2025-03-05 06:21:26.426637
1040,CUST0211,20221221,250.67,Debit,Branch,ACC0378,2025-04-09 07:34:26.426654
1041,CUST0211,20221011,2308.58,Credit,ATM,ACC0997,2025-04-02 04:56:26.426670
1042,CUST0211,20220420,1792.69,Credit,Branch,ACC0207,2025-04-10 11:29:26.426691
1043,CUST0211,20221230,3139.3,Credit,Branch,ACC0277,2025-02-07 03:11:26.426711
1044,CUST0211,20220402,2889.27,Debit,Branch,ACC0005,2025-02-08 00:11:26.426727
1045,CUST0211,20221204,1765.16,Credit,ATM,ACC0397,2025-02-07 01:19:26.426743
1046,CUST0211,20220917,1147.91,Debit,Branch,ACC0062,2025-01-17 16:42:26.426766
1047,CUST0212,20221230,3120.16,Debit,ATM,ACC0955,2025-01-30 16:27:26.426783
1048,CUST0212,20220920,1867.64,Debit,Online,ACC0880,2025-03-02 05:24:26.426799
1049,CUST0212,20220313,2471.79,Debit,ATM,ACC0583,2025-04-08 20:08:26.426815
1050,CUST0212,20220517,2328.71,Debit,Branch,ACC0501,2025-03-12 04:47:26.426832
1051,CUST0212,20221009,1641.97,Credit,ATM,ACC0356,2025-02-27 16:57:26.426856
1052,CUST0212,20220122,4058.93,Credit,Branch,ACC0953,2025-01-15 08:42:26.426876
1053,CUST0213,20220603,1662.96,Debit,Online,ACC0044,2025-04-14 10:24:26.426892
1054,CUST0213,20220401,2192.57,Credit,Online,ACC0410,2025-03-16 06:18:26.426913
1055,CUST0213,20220714,488.46,Debit,ATM,ACC0445,2025-04-12 13:34:26.426934
1056,CUST0213,20220125,615.67,Debit,Online,ACC0625,2025-03-02 08:26:26.426950
1057,CUST0213,20221205,2279.84,Credit,Branch,ACC0303,2025-03-30 01:55:26.426966
1058,CUST0213,20220906,4722.29,Debit,Branch,ACC0788,2025-03-03 10:24:26.426982
1059,CUST0213,20221207,1801.99,Debit,Branch,ACC0756,2025-01-14 19:12:26.426997
1060,CUST0214,20221203,1204.27,Credit,Online,ACC0032,2025-03-01 05:04:26.427013
1061,CUST0214,20220606,4901.65,Credit,Branch,ACC0592,2025-03-04 11:55:26.427028
1062,CUST0214,20221023,4367.72,Debit,Online,ACC0815,2025-02-17 01:01:26.427044
1063,CUST0215,20220518,2633.75,Credit,Online,ACC0219,2025-01-27 10:29:26.427066
1064,CUST0215,20220627,2762.53,Credit,ATM,ACC0591,2025-01-16 17:02:26.427085
1065,CUST0215,20221121,432.31,Debit,ATM,ACC0868,2025-01-25 02:05:26.427100
1066,CUST0215,20220808,1145.25,Credit,Online,ACC0794,2025-03-24 11:15:26.427119
1067,CUST0215,20220408,4947.93,Debit,ATM,ACC0631,2025-03-28 02:43:26.427145
1068,CUST0215,20220218,2370.29,Credit,Branch,ACC0595,2025-04-14 09:51:26.427166
1069,CUST0215,20221203,4213.23,Debit,Branch,ACC0327,2025-02-23 10:52:26.427182
1070,CUST0216,20221231,4269.63,Debit,Online,ACC0990,2025-03-07 06:01:26.427198
1071,CUST0216,20221111,3997.48,Credit,ATM,ACC0071,2025-02-25 18:29:26.427233
1072,CUST0216,20220322,3748.79,Credit,Branch,ACC0093,2025-03-01 03:24:26.427254
1073,CUST0217,20220129,1469.69,Credit,Online,ACC0656,2025-03-01 21:27:26.427270
1074,CUST0217,20221216,3287.43,Credit,ATM,ACC0958,2025-04-15 10:36:26.427292
1075,CUST0217,20221125,901.9,Debit,ATM,ACC0046,2025-02-24 08:47:26.427312
1076,CUST0217,20221024,3089.96,Credit,ATM,ACC0800,2025-01-25 07:57:26.427327
1077,CUST0217,20221006,3096.49,Debit,ATM,ACC0387,2025-02-06 18:11:26.427343
1078,CUST0217,20221221,2745.19,Credit,Branch,ACC0971,2025-03-14 05:08:26.427359
1079,CUST0217,20220604,1886.11,Debit,Branch,ACC0264,2025-03-31 12:08:26.427375
1080,CUST0217,20221206,1918.61,Debit,Branch,ACC0498,2025-01-21 12:44:26.427391
1081,CUST0218,20221101,4849.9,Credit,Online,ACC0966,2025-03-12 06:04:26.427407
1082,CUST0218,20220907,2433.3,Credit,Branch,ACC0387,2025-01-26 13:48:26.427423
1083,CUST0218,20220109,465.35,Credit,Branch,ACC0910,2025-03-07 21:08:26.427438
1084,CUST0218,20220112,4292.36,Debit,Online,ACC0865,2025-03-18 03:47:26.427454
1085,CUST0218,20220319,1087.72,Debit,ATM,ACC0635,2025-03-03 04:15:26.427469
1086,CUST0219,20220408,3308.86,Debit,Online,ACC0169,2025-01-31 10:28:26.427485
1087,CUST0219,20220512,2987.52,Credit,Branch,ACC0109,2025-03-12 06:53:26.427501
1088,CUST0219,20220322,533.27,Debit,Online,ACC0656,2025-01-21 16:22:26.427516
1089,CUST0219,20220120,1648.78,Credit,ATM,ACC0756,2025-04-04 09:42:26.427539
1090,CUST0219,20220707,2757.23,Credit,ATM,ACC0930,2025-02-08 21:49:26.427565
1091,CUST0219,20220601,4540.05,Debit,Online,ACC0854,2025-04-01 10:39:26.427581
1092,CUST0219,20220414,1393.26,Debit,Branch,ACC0543,2025-02-28 02:00:26.427597
1093,CUST0220,20220702,1621.01,Debit,Branch,ACC0727,2025-02-13 10:38:26.427613
1094,CUST0220,20221102,3708.96,Credit,ATM,ACC0570,2025-03-11 18:40:26.427629
1095,CUST0220,20221208,4598.49,Credit,Branch,ACC0982,2025-01-22 04:03:26.427655
1096,CUST0221,20221211,4119.11,Debit,Branch,ACC0127,2025-01-27 22:46:26.427676
1097,CUST0221,20220227,1477.86,Credit,Online,ACC0675,2025-03-12 17:50:26.427707
1098,CUST0221,20220815,4573.29,Debit,Branch,ACC0110,2025-03-03 00:29:26.427724
1099,CUST0222,20220210,3908.29,Credit,ATM,ACC0266,2025-03-02 04:32:26.427740
1100,CUST0222,20220901,2602.98,Debit,ATM,ACC0043,2025-04-13 04:55:26.427755
1101,CUST0222,20220910,4717.44,Credit,Branch,ACC0465,2025-02-15 12:54:26.427771
1102,CUST0222,20220719,665.62,Debit,ATM,ACC0495,2025-02-01 15:01:26.427787
1103,CUST0222,20221205,4767.75,Debit,ATM,ACC0255,2025-02-22 11:35:26.428141
1104,CUST0222,20220501,4689.94,Credit,Branch,ACC0431,2025-03-30 20:28:26.428225
1105,CUST0223,20220617,1905.7,Debit,ATM,ACC0024,2025-04-04 13:54:26.428259
1106,CUST0223,20220202,2025.85,Debit,Branch,ACC0326,2025-04-07 05:39:26.428286
1107,CUST0223,20220126,2391.91,Debit,ATM,ACC0465,2025-01-28 07:22:26.428304
1108,CUST0223,20221226,4771.55,Credit,ATM,ACC0044,2025-02-19 08:05:26.428320
1109,CUST0223,20220717,2527.82,Debit,ATM,ACC0711,2025-03-02 06:43:26.428336
1110,CUST0223,20220531,3109.27,Debit,ATM,ACC0450,2025-03-21 23:20:26.428355
1111,CUST0223,20220615,2547.53,Debit,Online,ACC0531,2025-03-03 18:21:26.428380
1112,CUST0223,20221123,3658.44,Debit,Branch,ACC0132,2025-04-04 21:09:26.428397
1113,CUST0224,20220903,1249.34,Credit,ATM,ACC0895,2025-02-20 03:05:26.428419
1114,CUST0224,20220419,1814.05,Debit,Online,ACC0334,2025-03-23 14:30:26.428445
1115,CUST0225,20221005,892.6,Debit,Online,ACC0502,2025-03-20 19:36:26.428468
1116,CUST0225,20220912,762.58,Credit,Branch,ACC0683,2025-03-26 19:05:26.428484
1117,CUST0225,20221112,3544.35,Debit,Branch,ACC0326,2025-03-24 10:13:26.428500
1118,CUST0226,20220320,3173.59,Credit,Branch,ACC0821,2025-02-02 19:16:26.428516
1119,CUST0226,20220318,4385.33,Debit,ATM,ACC0250,2025-01-16 04:13:26.428532
1120,CUST0226,20220126,3296.83,Debit,Online,ACC0142,2025-04-10 13:07:26.428548
1121,CUST0226,20220619,2858.75,Debit,Online,ACC0557,2025-03-07 20:51:26.428563
1122,CUST0227,20220903,315.94,Debit,Branch,ACC0488,2025-02-13 12:26:26.428584
1123,CUST0227,20220915,4071.1,Debit,Online,ACC0290,2025-01-14 22:01:26.428652
1124,CUST0227,20221204,1958.07,Credit,Branch,ACC0366,2025-03-26 09:20:26.428682
1125,CUST0227,20220725,3189.09,Debit,ATM,ACC0280,2025-03-31 01:47:26.428704
1126,CUST0227,20220124,1746.79,Debit,ATM,ACC0853,2025-03-06 11:08:26.428720
1127,CUST0227,20220122,3266.93,Debit,Online,ACC0264,2025-01-23 18:23:26.428735
1128,CUST0227,20220302,2897.1,Credit,ATM,ACC0429,2025-03-09 11:23:26.428751
1129,CUST0228,20220421,577.29,Debit,Branch,ACC0922,2025-01-16 03:13:26.428767
1130,CUST0228,20220330,791.41,Credit,Online,ACC0288,2025-03-28 00:40:26.428783
1131,CUST0228,20221105,1261.07,Debit,ATM,ACC0961,2025-03-14 15:24:26.428799
1132,CUST0229,20220810,1033.22,Credit,Online,ACC0295,2025-03-07 10:16:26.428815
1133,CUST0229,20220501,711.77,Debit,Branch,ACC0096,2025-01-21 13:32:26.428838
1134,CUST0229,20220323,4060.33,Debit,Branch,ACC0585,2025-01-31 16:48:26.428864
1135,CUST0230,20220718,2777.82,Debit,ATM,ACC0919,2025-04-05 22:39:26.428883
1136,CUST0230,20220208,1349.91,Credit,Branch,ACC0677,2025-02-28 16:35:26.428898
1137,CUST0230,20221121,1625.03,Credit,Branch,ACC0159,2025-03-25 09:47:26.428914
1138,CUST0230,20221229,4503.65,Credit,Online,ACC0861,2025-04-12 23:47:26.428929
1139,CUST0230,20220303,1499.29,Credit,ATM,ACC0764,2025-03-26 02:09:26.428945
1140,CUST0230,20221129,4775.27,Credit,Branch,ACC0425,2025-02-20 16:38:26.428961
1141,CUST0231,20220719,4772.21,Credit,Branch,ACC0540,2025-01-30 01:45:26.428977
1142,CUST0231,20221228,3867.62,Debit,Branch,ACC0591,2025-02-06 04:48:26.428992
1143,CUST0232,20220305,4158.61,Debit,ATM,ACC0780,2025-04-07 00:07:26.429008
1144,CUST0232,20220828,3509.04,Debit,Branch,ACC0136,2025-01-21 08:40:26.429024
1145,CUST0233,20220821,1765.92,Debit,ATM,ACC0671,2025-03-24 16:21:26.429039
1146,CUST0233,20220126,4056.74,Credit,ATM,ACC0385,2025-02-03 00:21:26.429055
1147,CUST0233,20220919,220.37,Credit,ATM,ACC0911,2025-03-26 17:35:26.429070
1148,CUST0233,20220328,2617.56,Credit,Branch,ACC0916,2025-03-30 21:44:26.429093
1149,CUST0233,20220504,4872.72,Debit,Online,ACC0330,2025-04-11 13:59:26.429110
1150,CUST0233,20220907,1231.48,Debit,Branch,ACC0814,2025-03-26 07:31:26.429125
1151,CUST0234,20221001,2639.39,Debit,Online,ACC0681,2025-02-16 12:03:26.429141
1152,CUST0234,20221106,598.39,Credit,Online,ACC0697,2025-03-15 02:49:26.429158
1153,CUST0234,20220424,4260.78,Credit,ATM,ACC0996,2025-03-25 03:03:26.429182
1154,CUST0234,20220129,1404.64,Debit,Branch,ACC0396,2025-02-16 12:45:26.429204
1155,CUST0234,20220316,3346.28,Credit,Online,ACC0679,2025-03-02 08:31:26.429220
1156,CUST0234,20221006,3255.3,Debit,Online,ACC0288,2025-02-07 17:55:26.429236
1157,CUST0234,20220429,4873.07,Debit,Branch,ACC0162,2025-01-18 10:38:26.429271
1158,CUST0234,20220411,4092.67,Debit,ATM,ACC0489,2025-01-21 11:24:26.429294
1159,CUST0235,20220624,4007.78,Debit,Online,ACC0452,2025-01-19 00:32:26.429310
1160,CUST0235,20220704,3769.56,Credit,Branch,ACC0576,2025-02-18 01:36:26.429326
1161,CUST0235,20220328,4922.4,Credit,ATM,ACC0601,2025-03-03 18:27:26.429342
1162,CUST0235,20221201,2742.89,Credit,Branch,ACC0198,2025-02-02 23:24:26.429357
1163,CUST0235,20220331,3024.47,Debit,Branch,ACC0684,2025-02-22 18:41:26.429376
1164,CUST0235,20220725,199.77,Debit,ATM,ACC0559,2025-03-12 13:54:26.429400
1165,CUST0235,20220223,755.58,Credit,ATM,ACC0670,2025-02-04 06:36:26.429416
1166,CUST0235,20220316,1456.82,Credit,ATM,ACC0024,2025-01-31 00:44:26.429432
1167,CUST0236,20220614,1608.16,Credit,Branch,ACC0914,2025-01-22 17:16:26.429449
1168,CUST0236,20220715,2329.71,Credit,Online,ACC0123,2025-03-13 03:24:26.429465
1169,CUST0237,20221206,2371.74,Debit,Online,ACC0174,2025-03-03 17:49:26.429480
1170,CUST0237,20220627,698.56,Debit,Branch,ACC0183,2025-03-07 17:56:26.429495
1171,CUST0237,20220730,2383.96,Debit,Branch,ACC0415,2025-03-14 00:48:26.429521
1172,CUST0237,20220507,3410.19,Credit,Online,ACC0468,2025-01-30 03:00:26.429545
1173,CUST0238,20220524,4497.27,Credit,Online,ACC0935,2025-04-10 13:30:26.429562
1174,CUST0238,20220630,551.43,Credit,Branch,ACC0497,2025-01-31 22:46:26.429586
1175,CUST0238,20221227,1172.87,Credit,Online,ACC0681,2025-03-12 15:38:26.429602
1176,CUST0239,20221218,250.96,Credit,ATM,ACC0231,2025-02-01 06:17:26.429618
1177,CUST0239,20220209,3045.92,Debit,Online,ACC0067,2025-01-15 09:43:26.429633
1178,CUST0240,20221001,3274.62,Debit,Branch,ACC0613,2025-02-05 18:56:26.429649
1179,CUST0240,20220915,4907.33,Debit,Branch,ACC0612,2025-03-27 23:44:26.429668
1180,CUST0240,20220406,1051.54,Debit,Online,ACC0531,2025-03-06 02:12:26.429694
1181,CUST0240,20220909,2573.31,Debit,Branch,ACC0677,2025-04-04 21:29:26.429716
1182,CUST0240,20220410,526.34,Credit,Online,ACC0160,2025-01-19 05:43:26.429742
1183,CUST0241,20221003,4004.58,Debit,ATM,ACC0797,2025-03-21 23:22:26.429764
1184,CUST0241,20220310,3856.81,Credit,ATM,ACC0210,2025-02-03 02:20:26.429864
1185,CUST0241,20220629,2938.91,Debit,Branch,ACC0804,2025-03-01 13:19:26.429894
1186,CUST0241,20221018,1815.09,Credit,Branch,ACC0924,2025-03-07 19:04:26.429911
1187,CUST0241,20220524,487.39,Credit,Branch,ACC0002,2025-03-08 15:11:26.429926
1188,CUST0241,20220307,332.29,Credit,Branch,ACC0602,2025-02-23 18:20:26.429947
1189,CUST0241,20220409,4579.57,Debit,Branch,ACC0120,2025-02-03 16:55:26.429969
1190,CUST0241,20220630,2475.56,Debit,Branch,ACC0723,2025-04-04 01:13:26.429986
1191,CUST0242,20220320,634.97,Credit,Branch,ACC0168,2025-02-13 21:10:26.430001
1192,CUST0242,20220603,338.43,Debit,Online,ACC0515,2025-01-28 16:26:26.430017
1193,CUST0242,20221116,315.57,Debit,Online,ACC0820,2025-02-25 03:02:26.430033
1194,CUST0243,20221228,4434.4,Credit,Branch,ACC0468,2025-02-22 21:44:26.430049
1195,CUST0243,20220515,3849.87,Credit,Online,ACC0711,2025-02-27 15:39:26.430064
1196,CUST0244,20220701,2023.04,Debit,Branch,ACC0867,2025-01-21 22:15:26.430079
1197,CUST0244,20220227,2477.14,Debit,Online,ACC0174,2025-04-07 16:50:26.430101
1198,CUST0244,20220524,250.8,Debit,ATM,ACC0147,2025-03-19 12:34:26.430124
1199,CUST0244,20220523,2910.54,Credit,Online,ACC0334,2025-03-15 17:16:26.430158
1200,CUST0244,20220118,1096.09,Credit,Branch,ACC0413,2025-03-04 00:22:26.430184
1201,CUST0244,20220502,3943.65,Debit,Online,ACC0378,2025-04-11 14:42:26.430209
1202,CUST0244,20220627,1913.45,Credit,Online,ACC0883,2025-03-17 06:26:26.430233
1203,CUST0245,20221229,4757.41,Credit,Online,ACC0265,2025-03-12 13:33:26.430259
1204,CUST0245,20220911,3773.13,Debit,Online,ACC0448,2025-01-16 13:19:26.430284
1205,CUST0245,20220829,657.13,Credit,ATM,ACC0043,2025-02-04 18:24:26.430309
1206,CUST0245,20221101,2575.68,Debit,ATM,ACC0944,2025-03-24 06:35:26.430330
1207,CUST0246,20220225,737.02,Debit,Branch,ACC0223,2025-01-29 02:48:26.430346
1208,CUST0246,20220223,895.03,Credit,Online,ACC0815,2025-03-26 16:32:26.430361
1209,CUST0246,20220315,494.05,Debit,Branch,ACC0730,2025-03-24 04:57:26.430376
1210,CUST0246,20220916,4948.33,Credit,Online,ACC0575,2025-02-02 02:07:26.430393
1211,CUST0246,20221101,2500.58,Credit,Online,ACC0603,2025-02-24 00:50:26.430416
1212,CUST0246,20220806,1933.18,Credit,ATM,ACC0038,2025-02-03 00:59:26.430442
1213,CUST0246,20220515,4061.51,Credit,Online,ACC0038,2025-04-05 00:00:26.430466
1214,CUST0247,20220116,4024.58,Debit,ATM,ACC0998,2025-04-13 19:12:26.430483
1215,CUST0247,20220608,2710.23,Debit,ATM,ACC0824,2025-02-05 09:45:26.430499
1216,CUST0247,20220929,417.34,Credit,Online,ACC0987,2025-03-20 20:47:26.430514
1217,CUST0247,20221226,493.92,Debit,Branch,ACC0733,2025-02-16 22:45:26.430529
1218,CUST0247,20220326,968.36,Credit,Branch,ACC0609,2025-03-27 17:51:26.430545
1219,CUST0247,20220604,4312.02,Debit,ATM,ACC0210,2025-02-25 19:55:26.430561
1220,CUST0248,20221208,2182.1,Debit,ATM,ACC0278,2025-02-04 01:01:26.430576
1221,CUST0248,20221218,3705.19,Debit,Online,ACC0254,2025-02-16 22:17:26.430600
1222,CUST0248,20221020,879.34,Credit,ATM,ACC0523,2025-02-14 06:18:26.430624
1223,CUST0248,20221225,3168.78,Credit,Online,ACC0872,2025-02-17 21:00:26.430640
1224,CUST0248,20221227,806.08,Credit,ATM,ACC0911,2025-03-18 17:49:26.430656
1225,CUST0248,20220212,3662.43,Debit,ATM,ACC0199,2025-02-10 06:17:26.430681
1226,CUST0249,20220809,3883.3,Credit,Online,ACC0345,2025-04-12 07:12:26.430698
1227,CUST0249,20220510,888.54,Credit,Online,ACC0680,2025-02-17 18:34:26.430713
1228,CUST0249,20220627,2168.52,Credit,ATM,ACC0856,2025-03-28 20:28:26.430729
1229,CUST0249,20220828,3626.36,Debit,ATM,ACC0102,2025-04-05 10:14:26.430747
1230,CUST0249,20221008,3174.65,Credit,Online,ACC0111,2025-01-26 15:51:26.430773
1231,CUST0250,20221020,3494.31,Debit,Branch,ACC0824,2025-03-20 06:43:26.430794
1232,CUST0250,20220904,3240.96,Debit,Online,ACC0083,2025-04-13 11:04:26.430810
1233,CUST0250,20221214,1987.11,Credit,ATM,ACC0446,2025-04-04 06:06:26.430826
1234,CUST0250,20220802,2221.08,Credit,Online,ACC0515,2025-03-26 20:50:26.430842
1235,CUST0250,20220927,1510.9,Debit,Online,ACC0426,2025-03-25 12:04:26.430857
1236,CUST0250,20220515,4857.54,Debit,Online,ACC0449,2025-02-14 16:39:26.430873
1237,CUST0250,20220710,501.94,Debit,ATM,ACC0443,2025-03-23 22:33:26.430888
1238,CUST0250,20220212,183.94,Credit,Online,ACC0606,2025-02-11 05:25:26.430903
1239,CUST0251,20220508,486.89,Credit,ATM,ACC0119,2025-03-06 02:28:26.430919
1240,CUST0251,20220528,1140.23,Credit,Online,ACC0078,2025-03-23 03:12:26.430935
1241,CUST0251,20220922,739.08,Debit,Branch,ACC0182,2025-04-13 11:31:26.430960
1242,CUST0251,20221231,2870.69,Debit,Branch,ACC0471,2025-03-30 19:45:26.430977
1243,CUST0251,20220422,1150.34,Debit,Branch,ACC0733,2025-03-24 08:09:26.430993
1244,CUST0251,20220613,3094.22,Credit,Online,ACC0746,2025-01-14 21:59:26.431008
1245,CUST0252,20220513,312.03,Debit,ATM,ACC0502,2025-03-09 13:58:26.431024
1246,CUST0252,20220423,1048.43,Debit,Branch,ACC0084,2025-02-06 18:34:26.431071
1247,CUST0253,20221102,2167.71,Debit,Online,ACC0193,2025-01-23 16:42:26.431091
1248,CUST0253,20221017,311.29,Credit,Branch,ACC0933,2025-02-04 18:42:26.431107
1249,CUST0253,20220816,1827.76,Credit,Branch,ACC0511,2025-03-20 16:44:26.431122
1250,CUST0253,20221209,2413.49,Debit,ATM,ACC0993,2025-02-05 03:32:26.431138
1251,CUST0253,20220325,570.24,Credit,ATM,ACC0507,2025-01-20 09:36:26.431336
1252,CUST0253,20221010,1688.11,Debit,Branch,ACC0619,2025-02-07 02:53:26.431414
1253,CUST0253,20221125,4919.27,Credit,Branch,ACC0951,2025-03-31 07:04:26.431448
1254,CUST0253,20220713,1802.73,Debit,Online,ACC0071,2025-04-04 20:02:26.431468
1255,CUST0254,20220228,1046.18,Credit,Online,ACC0224,2025-02-28 08:49:26.431485
1256,CUST0254,20220717,4236.98,Debit,Online,ACC0411,2025-02-04 14:22:26.431505
1257,CUST0254,20220521,3789.33,Credit,Branch,ACC0577,2025-03-26 15:39:26.431528
1258,CUST0254,20220130,721.12,Credit,Branch,ACC0321,2025-02-05 00:14:26.431545
1259,CUST0254,20220212,1047.06,Debit,ATM,ACC0491,2025-02-14 14:24:26.431561
1260,CUST0255,20220220,294.47,Debit,Branch,ACC0823,2025-01-19 15:43:26.431577
1261,CUST0255,20220225,1491.89,Debit,Online,ACC0605,2025-02-17 14:05:26.431593
1262,CUST0255,20220126,2630.65,Credit,Branch,ACC0073,2025-03-27 09:26:26.431609
1263,CUST0256,20220114,2756.29,Debit,Branch,ACC0806,2025-03-20 14:56:26.431625
1264,CUST0256,20220217,1051.7,Debit,ATM,ACC0707,2025-02-14 03:15:26.431644
1265,CUST0256,20220801,1467.43,Debit,Online,ACC0026,2025-04-06 07:44:26.431678
1266,CUST0256,20220115,306.06,Debit,Online,ACC0274,2025-04-08 23:44:26.431695
1267,CUST0257,20220705,757.16,Debit,ATM,ACC0502,2025-03-03 13:13:26.431711
1268,CUST0257,20220909,3003.48,Debit,Branch,ACC0131,2025-03-09 20:26:26.431727
1269,CUST0258,20221004,1743.38,Credit,ATM,ACC0711,2025-01-15 11:16:26.431742
1270,CUST0258,20220318,2318.9,Credit,Online,ACC0233,2025-03-21 21:23:26.431758
1271,CUST0258,20220921,4252.51,Credit,Branch,ACC0899,2025-02-20 01:29:26.431774
1272,CUST0258,20221030,4096.83,Debit,ATM,ACC0957,2025-01-29 22:16:26.431790
1273,CUST0258,20220523,4661.21,Credit,Branch,ACC0867,2025-02-03 18:31:26.431806
1274,CUST0258,20220124,1305.95,Credit,Online,ACC0545,2025-03-05 05:33:26.431821
1275,CUST0259,20220312,391.97,Debit,ATM,ACC0668,2025-02-26 19:26:26.431842
1276,CUST0259,20221101,3893.82,Credit,Online,ACC0161,2025-02-16 16:37:26.431892
1277,CUST0259,20220802,3497.07,Debit,Branch,ACC0398,2025-03-13 10:17:26.431910
1278,CUST0259,20220508,2966.84,Debit,Online,ACC0945,2025-02-15 00:05:26.431929
1279,CUST0259,20220121,2207.08,Debit,Branch,ACC0518,2025-02-09 11:00:26.431953
1280,CUST0259,20220521,540.43,Debit,ATM,ACC0114,2025-03-23 14:11:26.431969
1281,CUST0259,20220617,1462.54,Debit,Branch,ACC0154,2025-03-29 01:07:26.431985
1282,CUST0260,20220825,1012.23,Credit,Branch,ACC0409,2025-01-18 22:23:26.432001
1283,CUST0260,20220906,3492.36,Credit,Online,ACC0981,2025-02-05 16:21:26.432026
1284,CUST0260,20220624,1946.41,Debit,ATM,ACC0398,2025-03-28 17:15:26.432049
1285,CUST0261,20220106,2481.55,Debit,ATM,ACC0095,2025-03-12 06:29:26.432065
1286,CUST0261,20220406,4438.5,Credit,Branch,ACC0267,2025-01-16 05:57:26.432081
1287,CUST0261,20221230,1325.14,Debit,ATM,ACC0431,2025-03-29 14:28:26.432098
1288,CUST0261,20221210,799.25,Debit,Branch,ACC0288,2025-03-29 14:32:26.432113
1289,CUST0261,20221029,4401.22,Debit,ATM,ACC0867,2025-02-27 05:49:26.432129
1290,CUST0261,20220427,4614.63,Debit,Branch,ACC0732,2025-03-21 01:48:26.432144
1291,CUST0261,20221014,1314.41,Credit,Branch,ACC0074,2025-03-01 17:07:26.432160
1292,CUST0262,20220821,3192.57,Credit,Online,ACC0356,2025-04-12 14:54:26.432176
1293,CUST0262,20220604,3509.22,Credit,Online,ACC0446,2025-04-04 09:40:26.432192
1294,CUST0262,20220626,2955.74,Debit,ATM,ACC0842,2025-01-29 12:39:26.432207
1295,CUST0262,20220117,605.33,Debit,Branch,ACC0637,2025-02-18 10:35:26.432223
1296,CUST0262,20220411,2295.98,Credit,Branch,ACC0085,2025-03-27 09:15:26.432239
1297,CUST0262,20220201,2220.24,Credit,Branch,ACC0413,2025-01-17 14:13:26.432259
1298,CUST0262,20220922,3613.98,Credit,Online,ACC0929,2025-03-21 10:15:26.432276
1299,CUST0262,20220806,236.75,Debit,Branch,ACC0544,2025-03-22 23:45:26.432292
1300,CUST0263,20220120,2752.42,Debit,Branch,ACC0527,2025-02-25 08:22:26.432308
1301,CUST0263,20220806,3192.93,Debit,ATM,ACC0550,2025-03-12 15:06:26.432323
1302,CUST0263,20220628,3891.95,Debit,Branch,ACC0012,2025-01-23 19:44:26.432346
1303,CUST0263,20220703,209.89,Debit,ATM,ACC0394,2025-02-15 18:28:26.432363
1304,CUST0263,20220411,752.54,Debit,Branch,ACC0494,2025-03-15 14:01:26.432379
1305,CUST0264,20221125,3277.94,Debit,ATM,ACC0704,2025-03-07 02:30:26.432394
1306,CUST0264,20220130,481.12,Credit,Online,ACC0238,2025-01-26 11:35:26.432410
1307,CUST0264,20220214,509.97,Debit,Branch,ACC0192,2025-01-18 14:29:26.432425
1308,CUST0264,20220716,544.13,Debit,Branch,ACC0448,2025-04-12 09:48:26.432441
1309,CUST0264,20221120,1682.48,Debit,Online,ACC0947,2025-02-24 18:58:26.432464
1310,CUST0264,20220304,4723.12,Credit,ATM,ACC0782,2025-02-27 10:09:26.432487
1311,CUST0264,20221219,2119.85,Debit,ATM,ACC0450,2025-04-13 06:10:26.432513
1312,CUST0264,20220426,1629.1,Debit,Online,ACC0792,2025-02-20 09:54:26.432532
1313,CUST0265,20220925,163.91,Credit,Branch,ACC0775,2025-02-11 14:19:26.432548
1314,CUST0265,20220310,4779.04,Debit,Online,ACC0653,2025-02-14 03:39:26.432564
1315,CUST0265,20220210,1049.11,Debit,ATM,ACC0543,2025-02-02 01:27:26.432583
1316,CUST0265,20220113,2793.98,Debit,ATM,ACC0284,2025-04-01 21:26:26.432605
1317,CUST0266,20221210,3550.63,Credit,ATM,ACC0787,2025-03-06 21:06:26.432622
1318,CUST0266,20221219,4580.48,Debit,Branch,ACC0909,2025-02-24 04:26:26.432637
1319,CUST0267,20220608,4185.03,Credit,Online,ACC0987,2025-04-11 09:17:26.432653
1320,CUST0267,20220524,1799.75,Credit,Branch,ACC0185,2025-01-28 16:19:26.432668
1321,CUST0268,20221025,1367.39,Credit,ATM,ACC0813,2025-02-06 20:12:26.432684
1322,CUST0268,20220102,681.07,Credit,Online,ACC0259,2025-03-07 06:27:26.432700
1323,CUST0268,20220909,3488.0,Debit,ATM,ACC0116,2025-04-14 10:10:26.432717
1324,CUST0268,20221214,1864.52,Debit,ATM,ACC0129,2025-03-17 08:40:26.432740
1325,CUST0268,20220308,3636.29,Credit,Online,ACC0628,2025-04-14 20:17:26.432757
1326,CUST0269,20220622,1774.33,Debit,Online,ACC0427,2025-01-14 18:29:26.432773
1327,CUST0269,20221119,2989.75,Credit,ATM,ACC0189,2025-02-06 05:39:26.432795
1328,CUST0269,20221110,1320.2,Debit,Online,ACC0501,2025-03-16 02:41:26.432812
1329,CUST0269,20220208,1741.67,Debit,Branch,ACC0354,2025-01-15 09:08:26.432828
1330,CUST0269,20221216,2149.83,Debit,ATM,ACC0132,2025-03-21 04:13:26.432843
1331,CUST0269,20220110,3301.84,Credit,Online,ACC0387,2025-02-07 07:08:26.432859
1332,CUST0269,20220514,708.88,Debit,Online,ACC0383,2025-02-20 15:06:26.432874
1333,CUST0269,20220822,4490.96,Debit,Branch,ACC0104,2025-03-12 04:42:26.432890
1334,CUST0270,20220322,3859.93,Credit,ATM,ACC0249,2025-03-17 01:34:26.432907
1335,CUST0270,20221130,4193.53,Credit,Online,ACC0456,2025-01-27 05:23:26.432931
1336,CUST0270,20220402,2721.74,Debit,ATM,ACC0360,2025-02-25 15:42:26.432955
1337,CUST0270,20220529,4874.48,Credit,Branch,ACC0369,2025-04-02 03:55:26.432972
1338,CUST0271,20221014,1204.42,Debit,Branch,ACC0884,2025-02-28 04:51:26.432987
1339,CUST0271,20220318,2375.6,Debit,Branch,ACC0112,2025-03-07 08:05:26.433005
1340,CUST0271,20221011,4945.9,Debit,Online,ACC0740,2025-03-25 05:52:26.433028
1341,CUST0271,20220106,2034.94,Credit,Online,ACC0942,2025-03-15 19:35:26.433044
1342,CUST0271,20221001,3355.52,Debit,Branch,ACC0710,2025-01-15 01:21:26.433059
1343,CUST0271,20220604,3530.74,Credit,Online,ACC0385,2025-04-10 11:50:26.433075
1344,CUST0271,20220212,1253.31,Credit,Branch,ACC0210,2025-04-11 10:11:26.433095
1345,CUST0271,20220706,3830.11,Debit,ATM,ACC0384,2025-03-24 20:16:26.433121
1346,CUST0272,20220212,4963.06,Credit,ATM,ACC0785,2025-02-05 05:22:26.433138
1347,CUST0272,20220629,910.95,Debit,Online,ACC0106,2025-02-20 12:05:26.433154
1348,CUST0272,20220213,677.61,Credit,ATM,ACC0897,2025-02-05 05:15:26.433170
1349,CUST0272,20220918,1700.15,Credit,ATM,ACC0669,2025-02-01 13:26:26.433185
1350,CUST0272,20220904,2066.45,Credit,Branch,ACC0739,2025-02-18 16:38:26.433201
1351,CUST0273,20220804,2876.05,Debit,ATM,ACC0249,2025-02-20 13:41:26.433746
1352,CUST0273,20220318,2486.48,Debit,Online,ACC0429,2025-04-12 23:15:26.433821
1353,CUST0274,20220314,2103.8,Credit,Branch,ACC0261,2025-02-20 07:28:26.433885
1354,CUST0274,20220526,4226.49,Debit,ATM,ACC0962,2025-04-09 04:41:26.433911
1355,CUST0274,20220729,3208.33,Credit,Branch,ACC0915,2025-02-07 17:30:26.433928
1356,CUST0274,20221212,4993.15,Credit,ATM,ACC0089,2025-03-31 07:39:26.433951
1357,CUST0274,20220201,4981.32,Credit,Online,ACC0365,2025-04-01 00:48:26.433981
1358,CUST0274,20220705,374.41,Credit,Online,ACC0998,2025-02-26 11:59:26.433999
1359,CUST0274,20220114,3137.97,Credit,ATM,ACC0312,2025-04-07 11:03:26.434017
1360,CUST0274,20220630,3258.36,Debit,Branch,ACC0160,2025-02-26 02:36:26.434042
1361,CUST0275,20220925,988.77,Debit,Online,ACC0333,2025-04-04 12:24:26.434061
1362,CUST0275,20220111,129.99,Credit,Online,ACC0277,2025-01-24 21:47:26.434078
1363,CUST0275,20220430,2628.74,Debit,Online,ACC0736,2025-02-26 22:41:26.434100
1364,CUST0275,20221213,3652.44,Debit,Online,ACC0758,2025-03-20 10:14:26.434127
1365,CUST0275,20220218,2537.38,Credit,ATM,ACC0539,2025-01-25 21:48:26.434151
1366,CUST0275,20220823,4739.8,Debit,Online,ACC0899,2025-03-24 02:40:26.434177
1367,CUST0275,20220217,3531.86,Credit,ATM,ACC0977,2025-01-19 20:05:26.434201
1368,CUST0276,20220522,304.52,Debit,ATM,ACC0488,2025-01-29 02:43:26.434222
1369,CUST0276,20220226,4423.94,Credit,Branch,ACC0018,2025-02-14 23:19:26.434244
1370,CUST0276,20220901,2742.65,Credit,Online,ACC0059,2025-03-13 04:35:26.434261
1371,CUST0276,20221219,4841.72,Debit,Online,ACC0636,2025-04-04 10:02:26.434279
1372,CUST0276,20220527,4300.38,Credit,Online,ACC0361,2025-04-12 17:31:26.434304
1373,CUST0277,20221224,3010.05,Debit,ATM,ACC0619,2025-01-19 09:44:26.434328
1374,CUST0277,20220621,2743.19,Debit,Online,ACC0527,2025-02-03 09:00:26.434351
1375,CUST0278,20220201,4653.91,Debit,Online,ACC0010,2025-02-14 04:31:26.434376
1376,CUST0278,20221120,702.05,Debit,Online,ACC0429,2025-01-29 13:41:26.434403
1377,CUST0278,20220815,4779.97,Credit,ATM,ACC0476,2025-04-07 02:56:26.434431
1378,CUST0278,20220602,3263.49,Debit,Online,ACC0649,2025-01-19 17:18:26.434457
1379,CUST0278,20220410,4011.02,Credit,ATM,ACC0438,2025-02-21 21:39:26.434659
1380,CUST0278,20220828,428.94,Credit,ATM,ACC0160,2025-02-21 11:50:26.434721
1381,CUST0278,20221218,3164.16,Credit,ATM,ACC0941,2025-03-19 18:57:26.434770
1382,CUST0279,20220522,3053.44,Debit,ATM,ACC0066,2025-01-27 11:35:26.434792
1383,CUST0279,20221204,878.09,Credit,ATM,ACC0417,2025-03-30 03:12:26.434810
1384,CUST0279,20220503,2793.07,Debit,Branch,ACC0674,2025-03-09 13:07:26.434827
1385,CUST0279,20221110,126.46,Debit,Online,ACC0477,2025-02-06 03:03:26.434843
1386,CUST0279,20220813,3152.1,Credit,Online,ACC0295,2025-02-28 22:03:26.434858
1387,CUST0280,20220928,1548.62,Debit,Online,ACC0884,2025-04-14 12:53:26.434877
1388,CUST0280,20220508,4544.27,Credit,Branch,ACC0772,2025-02-21 19:29:26.434901
1389,CUST0280,20220816,4117.07,Debit,Branch,ACC0118,2025-04-15 17:15:26.434918
1390,CUST0281,20220515,1968.06,Debit,ATM,ACC0772,2025-01-29 20:33:26.434937
1391,CUST0281,20220614,4581.48,Debit,Branch,ACC0428,2025-04-13 16:08:26.434960
1392,CUST0281,20220101,3484.21,Debit,Online,ACC0063,2025-02-16 05:47:26.434976
1393,CUST0281,20220505,3675.54,Credit,ATM,ACC0147,2025-02-15 07:01:26.434992
1394,CUST0282,20220606,1174.31,Credit,Branch,ACC0243,2025-01-29 13:32:26.435009
1395,CUST0282,20220915,2098.51,Debit,Online,ACC0845,2025-02-04 02:32:26.435024
1396,CUST0283,20221107,4501.65,Debit,Branch,ACC0050,2025-04-14 20:09:26.435040
1397,CUST0283,20220818,1149.11,Credit,Online,ACC0026,2025-03-23 21:21:26.435057
1398,CUST0284,20220514,154.36,Debit,Online,ACC0866,2025-01-31 20:02:26.435086
1399,CUST0284,20220105,4310.91,Credit,ATM,ACC0843,2025-01-30 02:09:26.435103
1400,CUST0284,20220319,2031.84,Debit,Online,ACC0771,2025-04-04 05:25:26.435119
1401,CUST0284,20220307,4277.69,Credit,Branch,ACC0249,2025-03-12 08:23:26.435144
1402,CUST0284,20220703,1306.8,Debit,ATM,ACC0609,2025-02-18 22:43:26.435162
1403,CUST0284,20220908,4753.43,Credit,ATM,ACC0952,2025-02-26 13:54:26.435177
1404,CUST0284,20220404,2158.13,Debit,Branch,ACC0945,2025-04-07 20:44:26.435203
1405,CUST0285,20221019,4456.8,Credit,Branch,ACC0640,2025-01-26 15:44:26.435222
1406,CUST0285,20220920,1556.64,Debit,ATM,ACC0591,2025-01-25 03:54:26.435275
1407,CUST0285,20220910,1991.59,Debit,Branch,ACC0666,2025-02-13 04:30:26.435297
1408,CUST0285,20220620,4472.9,Debit,Branch,ACC0150,2025-04-08 04:13:26.435313
1409,CUST0285,20220310,4221.1,Credit,Branch,ACC0444,2025-01-17 05:50:26.435329
1410,CUST0285,20221211,932.47,Credit,ATM,ACC0263,2025-03-19 17:25:26.435344
1411,CUST0286,20220823,4426.26,Credit,Online,ACC0750,2025-01-30 19:40:26.435360
1412,CUST0286,20220518,397.99,Debit,Online,ACC0122,2025-01-14 18:57:26.435376
1413,CUST0286,20221101,2632.41,Debit,ATM,ACC0569,2025-01-15 14:14:26.435392
1414,CUST0286,20221219,2578.05,Credit,ATM,ACC0527,2025-03-18 16:39:26.435407
1415,CUST0286,20220706,2326.36,Credit,ATM,ACC0923,2025-04-04 10:18:26.435424
1416,CUST0286,20221004,980.58,Debit,Branch,ACC0403,2025-01-19 14:52:26.435440
1417,CUST0287,20220521,389.18,Credit,Online,ACC0731,2025-04-11 15:45:26.435455
1418,CUST0287,20221027,2248.49,Credit,Branch,ACC0010,2025-04-01 05:23:26.435476
1419,CUST0287,20220404,2303.91,Debit,ATM,ACC0034,2025-02-05 02:27:26.435499
1420,CUST0287,20221107,4985.31,Debit,ATM,ACC0528,2025-01-31 02:53:26.435516
1421,CUST0287,20221106,3729.65,Debit,ATM,ACC0651,2025-02-23 15:24:26.435531
1422,CUST0287,20221107,2823.44,Debit,Online,ACC0632,2025-02-15 17:28:26.435547
1423,CUST0287,20220701,2771.65,Credit,Online,ACC0731,2025-01-20 06:30:26.435596
1424,CUST0287,20220606,786.22,Debit,ATM,ACC0085,2025-04-01 08:41:26.435626
1425,CUST0288,20220417,1890.28,Debit,Branch,ACC0955,2025-03-21 15:45:26.435643
1426,CUST0288,20221104,786.47,Debit,Branch,ACC0947,2025-03-07 10:18:26.435659
1427,CUST0289,20221219,2453.39,Debit,Branch,ACC0245,2025-02-10 21:27:26.435675
1428,CUST0289,20220709,811.43,Credit,Branch,ACC0535,2025-02-09 17:30:26.435699
1429,CUST0289,20220224,1246.51,Credit,Online,ACC0763,2025-03-02 00:48:26.435719
1430,CUST0290,20220721,203.35,Debit,Branch,ACC0791,2025-04-04 01:13:26.435742
1431,CUST0290,20220724,1087.6,Debit,Branch,ACC0391,2025-04-13 14:00:26.435759
1432,CUST0290,20220214,1735.94,Debit,Branch,ACC0870,2025-03-17 11:06:26.435775
1433,CUST0290,20220413,4849.51,Debit,Online,ACC0646,2025-03-30 17:21:26.435790
1434,CUST0291,20220217,4672.69,Credit,ATM,ACC0295,2025-03-22 04:11:26.435806
1435,CUST0291,20221217,2873.85,Debit,Branch,ACC0064,2025-02-26 03:40:26.435822
1436,CUST0291,20220630,3876.04,Credit,ATM,ACC0935,2025-03-13 18:43:26.435838
1437,CUST0291,20221126,4236.77,Debit,Branch,ACC0615,2025-01-30 22:14:26.435853
1438,CUST0291,20220126,865.37,Debit,Branch,ACC0122,2025-01-22 01:48:26.435869
1439,CUST0292,20221208,3947.4,Credit,Online,ACC0842,2025-02-14 10:13:26.435885
1440,CUST0292,20220624,209.86,Credit,ATM,ACC0588,2025-04-12 19:05:26.435901
1441,CUST0292,20220523,2235.33,Debit,Branch,ACC0770,2025-02-10 20:46:26.435917
1442,CUST0292,20220222,3778.92,Debit,Online,ACC0697,2025-02-26 10:00:26.435933
1443,CUST0292,20220104,2953.79,Debit,Branch,ACC0895,2025-03-24 06:09:26.435949
1444,CUST0293,20220909,1141.77,Credit,Branch,ACC0419,2025-02-23 18:11:26.435974
1445,CUST0293,20220728,130.26,Credit,ATM,ACC0380,2025-04-05 22:50:26.435991
1446,CUST0293,20220716,2207.79,Credit,Online,ACC0020,2025-03-10 15:24:26.436007
1447,CUST0293,20220824,3112.92,Debit,Online,ACC0191,2025-03-07 05:59:26.436030
1448,CUST0293,20220729,4935.36,Debit,Branch,ACC0133,2025-03-26 08:20:26.436050
1449,CUST0293,20220804,882.38,Debit,Online,ACC0239,2025-03-19 16:00:26.436066
1450,CUST0293,20221115,3395.75,Credit,Branch,ACC0623,2025-03-21 11:30:26.436082
1451,CUST0293,20220329,1953.78,Credit,Online,ACC0102,2025-03-07 15:22:26.436098
1452,CUST0294,20220829,3126.04,Credit,ATM,ACC0369,2025-02-25 23:12:26.436113
1453,CUST0294,20220914,566.74,Credit,Branch,ACC0138,2025-01-15 05:21:26.436129
1454,CUST0294,20220118,306.33,Credit,Branch,ACC0051,2025-02-02 11:41:26.436145
1455,CUST0294,20221207,1719.99,Credit,ATM,ACC0568,2025-02-21 13:49:26.436166
1456,CUST0294,20220822,2872.25,Credit,Online,ACC0144,2025-02-02 17:39:26.436183
1457,CUST0294,20221212,2463.5,Debit,Online,ACC0924,2025-02-05 19:12:26.436199
1458,CUST0295,20220901,2580.45,Credit,Online,ACC0122,2025-02-28 17:37:26.436215
1459,CUST0295,20220205,4837.59,Debit,Online,ACC0368,2025-03-20 21:27:26.436230
1460,CUST0295,20221122,3125.31,Debit,Branch,ACC0495,2025-02-23 13:56:26.436253
1461,CUST0295,20221214,4910.65,Credit,Branch,ACC0828,2025-02-25 20:24:26.436272
1462,CUST0295,20220926,4804.83,Credit,ATM,ACC0274,2025-03-29 21:04:26.436288
1463,CUST0296,20221205,3636.53,Debit,Online,ACC0293,2025-02-27 06:49:26.436308
1464,CUST0296,20221001,4297.14,Credit,Branch,ACC0514,2025-02-16 03:55:26.436335
1465,CUST0296,20220305,1730.1,Credit,Branch,ACC0689,2025-03-27 03:08:26.436353
1466,CUST0296,20220330,2944.4,Debit,Branch,ACC0491,2025-02-24 06:50:26.436369
1467,CUST0296,20220917,630.33,Credit,Online,ACC0185,2025-01-30 19:45:26.436384
1468,CUST0296,20220327,2430.38,Credit,Branch,ACC0842,2025-03-19 00:10:26.436400
1469,CUST0297,20220831,2631.07,Debit,Branch,ACC0159,2025-02-28 16:48:26.436416
1470,CUST0297,20220918,721.3,Credit,Online,ACC0178,2025-04-01 20:44:26.436431
1471,CUST0297,20220426,269.66,Debit,ATM,ACC0744,2025-01-30 11:33:26.436447
1472,CUST0297,20220317,3733.1,Debit,Branch,ACC0867,2025-04-05 23:23:26.436463
1473,CUST0298,20220621,4711.85,Credit,ATM,ACC0178,2025-04-02 11:22:26.436479
1474,CUST0298,20220402,2809.56,Credit,Branch,ACC0158,2025-01-18 06:01:26.436495
1475,CUST0298,20221129,3213.76,Credit,Branch,ACC0440,2025-02-18 11:45:26.436510
1476,CUST0298,20220831,373.47,Credit,Branch,ACC0636,2025-02-03 04:16:26.436526
1477,CUST0298,20220312,2650.52,Credit,Online,ACC0206,2025-04-13 04:45:26.436541
1478,CUST0298,20220803,2951.03,Debit,ATM,ACC0076,2025-03-20 17:08:26.436564
1479,CUST0299,20220729,652.68,Debit,ATM,ACC0329,2025-01-31 00:05:26.436583
1480,CUST0299,20220121,2599.99,Debit,ATM,ACC0288,2025-04-08 06:00:26.436599
1481,CUST0299,20220330,1011.78,Debit,ATM,ACC0965,2025-03-15 13:07:26.436621
1482,CUST0300,20220426,1591.4,Credit,Online,ACC0387,2025-03-06 14:44:26.436641
1483,CUST0300,20221028,2764.37,Debit,Online,ACC0211,2025-02-13 01:41:26.436664
1484,CUST0300,20220818,2154.96,Debit,ATM,ACC0116,2025-03-06 15:00:26.436680
1485,CUST0301,20221008,1917.01,Credit,Online,ACC0135,2025-03-05 23:34:26.436696
1486,CUST0301,20220206,4394.91,Credit,ATM,ACC0895,2025-02-26 19:18:26.436712
1487,CUST0301,20220818,4038.36,Credit,ATM,ACC0423,2025-02-10 21:22:26.436728
1488,CUST0301,20220220,1624.56,Credit,Online,ACC0631,2025-02-23 05:04:26.436744
1489,CUST0301,20220213,3185.18,Credit,ATM,ACC0916,2025-03-02 03:44:26.436761
1490,CUST0301,20220807,653.29,Debit,ATM,ACC0509,2025-02-17 22:49:26.436784
1491,CUST0302,20220409,4109.62,Credit,Online,ACC0787,2025-02-11 13:25:26.436801
1492,CUST0302,20220822,3045.92,Debit,ATM,ACC0891,2025-01-16 15:19:26.436817
1493,CUST0302,20220928,4981.18,Debit,Branch,ACC0117,2025-04-06 10:25:26.436832
1494,CUST0302,20220607,1436.61,Credit,Branch,ACC0586,2025-01-23 04:31:26.436848
1495,CUST0302,20220122,3927.55,Credit,Branch,ACC0964,2025-01-17 02:41:26.436863
1496,CUST0302,20220805,4222.78,Credit,Online,ACC0551,2025-04-05 12:55:26.436879
1497,CUST0302,20220423,1142.22,Credit,Branch,ACC0419,2025-03-31 00:54:26.436898
1498,CUST0303,20220424,4314.73,Debit,ATM,ACC0196,2025-02-03 21:59:26.436915
1499,CUST0303,20220104,701.91,Debit,Online,ACC0365,2025-03-04 15:15:26.436930
1500,CUST0304,20220819,1643.16,Debit,Branch,ACC0450,2025-02-23 16:07:26.436946
1501,CUST0304,20220302,490.03,Credit,Online,ACC0761,2025-01-22 06:14:26.436962
1502,CUST0304,20220601,3603.15,Debit,Online,ACC0838,2025-04-13 20:01:26.436978
1503,CUST0304,20220615,2452.01,Credit,Branch,ACC0114,2025-03-09 15:00:26.436994
1504,CUST0305,20221021,3119.33,Debit,Online,ACC0737,2025-03-25 14:00:26.437010
1505,CUST0305,20220621,1627.73,Credit,Branch,ACC0988,2025-01-20 20:48:26.437027
1506,CUST0305,20220427,4492.28,Credit,ATM,ACC0753,2025-03-24 02:52:26.437051
1507,CUST0305,20221218,3421.39,Debit,ATM,ACC0568,2025-03-22 01:42:26.437073
1508,CUST0305,20220211,4700.1,Credit,ATM,ACC0244,2025-03-01 21:44:26.437090
1509,CUST0306,20220301,782.5,Debit,Branch,ACC0388,2025-03-22 07:54:26.437114
1510,CUST0306,20221009,3165.48,Debit,Branch,ACC0613,2025-02-28 17:52:26.437133
1511,CUST0306,20220918,3550.68,Debit,Online,ACC0754,2025-03-19 06:06:26.437149
1512,CUST0306,20220120,1360.7,Credit,Online,ACC0630,2025-03-01 00:44:26.437164
1513,CUST0306,20221229,3083.83,Credit,ATM,ACC0528,2025-03-07 12:16:26.437180
1514,CUST0306,20221108,954.48,Debit,Online,ACC0610,2025-03-06 09:55:26.437195
1515,CUST0307,20221204,1870.24,Credit,ATM,ACC0051,2025-04-09 07:55:26.437211
1516,CUST0307,20220308,4084.05,Credit,Online,ACC0782,2025-04-01 23:01:26.437227
1517,CUST0307,20220215,4108.04,Debit,Online,ACC0466,2025-02-21 16:02:26.437243
1518,CUST0307,20220828,2811.0,Credit,ATM,ACC0853,2025-01-27 03:19:26.437405
1519,CUST0308,20221119,3552.16,Credit,Online,ACC0894,2025-01-27 01:34:26.437432
1520,CUST0308,20220928,1733.02,Debit,Branch,ACC0038,2025-02-16 21:15:26.437449
1521,CUST0308,20220525,3975.12,Credit,Branch,ACC0360,2025-01-21 08:29:26.437465
1522,CUST0308,20221211,2241.16,Debit,Online,ACC0661,2025-03-31 02:21:26.437481
1523,CUST0308,20221212,697.5,Debit,Online,ACC0076,2025-02-14 15:26:26.437497
1524,CUST0308,20220904,1236.42,Debit,Online,ACC0505,2025-02-02 09:05:26.437513
1525,CUST0308,20220912,1087.23,Credit,Online,ACC0463,2025-02-10 19:24:26.437529
1526,CUST0308,20221011,1583.83,Credit,Branch,ACC0673,2025-04-02 04:49:26.437545
1527,CUST0309,20220328,1315.71,Debit,Branch,ACC0930,2025-02-22 11:41:26.437560
1528,CUST0309,20220413,1810.53,Debit,Branch,ACC0294,2025-03-21 13:29:26.437576
1529,CUST0309,20220216,3041.87,Credit,Online,ACC0961,2025-02-04 01:14:26.437594
1530,CUST0309,20221117,4397.21,Debit,ATM,ACC0568,2025-04-08 19:00:26.437618
1531,CUST0309,20221230,581.59,Credit,Online,ACC0331,2025-03-05 20:17:26.437635
1532,CUST0310,20221012,3412.29,Debit,Branch,ACC0834,2025-03-16 04:09:26.437660
1533,CUST0310,20220317,289.94,Debit,Branch,ACC0751,2025-03-05 22:40:26.437678
1534,CUST0311,20220704,3067.74,Debit,Online,ACC0760,2025-02-20 13:55:26.437695
1535,CUST0311,20220409,1632.32,Debit,Branch,ACC0033,2025-02-12 00:38:26.437719
1536,CUST0311,20220709,2133.53,Debit,Branch,ACC0770,2025-02-28 05:00:26.437736
1537,CUST0312,20221022,2447.99,Credit,Online,ACC0848,2025-04-07 03:35:26.437752
1538,CUST0312,20221027,3894.78,Credit,Online,ACC0678,2025-03-04 16:30:26.437773
1539,CUST0312,20221217,4441.84,Credit,ATM,ACC0716,2025-01-29 08:50:26.437790
1540,CUST0312,20221127,2193.28,Credit,Branch,ACC0603,2025-03-11 19:15:26.437805
1541,CUST0312,20220510,3899.1,Credit,Online,ACC0383,2025-03-20 14:30:26.437821
1542,CUST0312,20220627,4988.37,Credit,Online,ACC0607,2025-01-27 20:56:26.437841
1543,CUST0312,20220519,4841.44,Credit,Branch,ACC0042,2025-02-24 19:31:26.437863
1544,CUST0313,20220905,2133.04,Debit,Branch,ACC0852,2025-02-10 20:19:26.437879
1545,CUST0313,20220406,1534.05,Credit,Branch,ACC0408,2025-04-04 19:11:26.437895
1546,CUST0313,20221125,387.34,Credit,Branch,ACC0600,2025-01-16 22:25:26.437911
1547,CUST0314,20220125,1071.88,Credit,Online,ACC0240,2025-03-28 14:11:26.437926
1548,CUST0314,20221016,3583.17,Debit,ATM,ACC0145,2025-04-04 19:34:26.437942
1549,CUST0314,20220923,577.6,Debit,Branch,ACC0788,2025-01-29 12:52:26.437958
1550,CUST0315,20220308,1492.86,Debit,ATM,ACC0309,2025-02-06 18:50:26.437973
1551,CUST0315,20220312,4630.09,Debit,Branch,ACC0039,2025-03-18 16:34:26.437989
1552,CUST0316,20220215,436.04,Debit,Online,ACC0527,2025-03-11 17:50:26.438005
1553,CUST0316,20221001,815.58,Credit,Online,ACC0896,2025-03-13 06:43:26.438020
1554,CUST0316,20220312,4913.62,Debit,Online,ACC0774,2025-02-26 09:28:26.438036
1555,CUST0316,20221211,3287.19,Debit,ATM,ACC0149,2025-03-19 11:23:26.438051
1556,CUST0317,20221223,4690.05,Credit,Online,ACC0924,2025-01-24 15:27:26.438067
1557,CUST0317,20220626,3960.37,Credit,Branch,ACC0270,2025-04-08 04:29:26.438083
1558,CUST0317,20220409,3221.74,Credit,ATM,ACC0663,2025-01-16 23:43:26.438105
1559,CUST0317,20220805,4167.75,Credit,Online,ACC0153,2025-04-09 16:51:26.438130
1560,CUST0317,20220706,2064.46,Credit,ATM,ACC0857,2025-02-28 08:03:26.438146
1561,CUST0317,20220714,2867.98,Debit,Branch,ACC0691,2025-02-02 08:53:26.438162
1562,CUST0318,20220517,2190.07,Debit,ATM,ACC0002,2025-03-10 01:37:26.438184
1563,CUST0318,20221010,3058.95,Debit,Branch,ACC0043,2025-03-31 20:46:26.438210
1564,CUST0318,20220718,1615.49,Debit,ATM,ACC0636,2025-01-20 05:30:26.438230
1565,CUST0319,20221107,3932.4,Credit,ATM,ACC0929,2025-04-12 11:07:26.438246
1566,CUST0319,20220726,2001.2,Credit,ATM,ACC0048,2025-01-25 10:37:26.438262
1567,CUST0319,20220108,382.14,Credit,Online,ACC0752,2025-03-13 02:18:26.438278
1568,CUST0319,20220202,1924.88,Debit,Branch,ACC0361,2025-04-04 02:55:26.438293
1569,CUST0319,20220829,1895.96,Debit,Branch,ACC0868,2025-03-13 23:25:26.438309
1570,CUST0319,20220216,4754.32,Credit,ATM,ACC0059,2025-02-08 06:32:26.438325
1571,CUST0320,20221223,4066.25,Debit,ATM,ACC0127,2025-03-29 14:56:26.438341
1572,CUST0320,20220815,853.35,Debit,ATM,ACC0838,2025-03-01 22:49:26.438356
1573,CUST0320,20221103,568.26,Debit,ATM,ACC0471,2025-03-10 21:25:26.438376
1574,CUST0320,20220409,3112.23,Credit,ATM,ACC0950,2025-01-20 12:45:26.438399
1575,CUST0321,20220615,1452.75,Debit,Online,ACC0956,2025-02-19 23:46:26.438415
1576,CUST0321,20220611,3723.7,Debit,Branch,ACC0434,2025-02-17 11:14:26.438430
1577,CUST0321,20220416,2160.54,Debit,Branch,ACC0615,2025-04-05 00:01:26.438446
1578,CUST0321,20220507,2438.11,Credit,Online,ACC0200,2025-03-01 14:16:26.438465
1579,CUST0321,20221216,455.59,Credit,Branch,ACC0641,2025-02-20 04:47:26.438491
1580,CUST0322,20220505,1471.54,Debit,Online,ACC0749,2025-02-22 00:22:26.438510
1581,CUST0322,20220616,3306.07,Credit,Online,ACC0614,2025-04-13 01:16:26.438526
1582,CUST0322,20220327,3932.23,Debit,Branch,ACC0979,2025-04-13 20:57:26.438542
1583,CUST0322,20220317,4710.71,Credit,Online,ACC0566,2025-03-26 03:27:26.438565
1584,CUST0322,20220217,2339.85,Debit,Online,ACC0227,2025-03-28 16:29:26.438582
1585,CUST0322,20221201,1233.6,Debit,Branch,ACC0704,2025-01-20 02:13:26.438598
1586,CUST0322,20221221,1990.11,Debit,Online,ACC0410,2025-02-04 18:21:26.438614
1587,CUST0323,20220713,4894.07,Debit,ATM,ACC0495,2025-03-14 09:16:26.438630
1588,CUST0323,20220708,3878.75,Debit,Online,ACC0688,2025-02-13 22:55:26.438646
1589,CUST0323,20220410,3710.27,Credit,Branch,ACC0645,2025-03-25 02:00:26.438661
1590,CUST0323,20220105,2270.07,Credit,Branch,ACC0180,2025-01-23 05:13:26.438682
1591,CUST0323,20220408,1817.66,Credit,Branch,ACC0563,2025-04-09 02:24:26.438703
1592,CUST0323,20220127,246.9,Debit,Branch,ACC0991,2025-01-31 01:52:26.438719
1593,CUST0323,20220623,246.32,Credit,Online,ACC0016,2025-01-17 11:10:26.438735
1594,CUST0323,20220529,3907.98,Credit,ATM,ACC0176,2025-01-30 00:33:26.438756
1595,CUST0324,20220313,1157.83,Credit,ATM,ACC0862,2025-02-01 04:19:26.438776
1596,CUST0324,20220411,357.11,Credit,Branch,ACC0401,2025-03-26 09:00:26.438792
1597,CUST0324,20220227,2883.71,Credit,Branch,ACC0334,2025-02-03 17:04:26.438811
1598,CUST0324,20220423,3527.18,Debit,Branch,ACC0879,2025-01-25 08:18:26.438833
1599,CUST0324,20221129,333.98,Debit,ATM,ACC0790,2025-04-03 08:15:26.438859
1600,CUST0324,20220516,1851.04,Debit,ATM,ACC0280,2025-01-26 18:55:26.438876
1601,CUST0324,20220515,1996.66,Credit,ATM,ACC0581,2025-02-20 21:30:26.439027
1602,CUST0324,20220629,584.71,Debit,Online,ACC0283,2025-03-09 03:51:26.439058
1603,CUST0325,20221106,1335.81,Credit,ATM,ACC0576,2025-02-28 22:48:26.439074
1604,CUST0325,20220418,4033.27,Debit,Branch,ACC0175,2025-04-06 00:45:26.439090
1605,CUST0325,20220726,3623.47,Credit,Branch,ACC0421,2025-02-15 01:09:26.439112
1606,CUST0325,20221024,4593.94,Credit,ATM,ACC0159,2025-03-29 03:47:26.439135
1607,CUST0325,20220414,1505.63,Debit,Online,ACC0163,2025-02-09 22:40:26.439151
1608,CUST0325,20221004,4574.23,Debit,Online,ACC0896,2025-04-09 04:32:26.439167
1609,CUST0325,20221231,4368.4,Debit,Branch,ACC0128,2025-03-22 22:29:26.439199
1610,CUST0325,20221122,2453.99,Debit,Branch,ACC0071,2025-02-22 01:05:26.439221
1611,CUST0326,20221228,2147.74,Debit,Online,ACC0651,2025-01-24 06:27:26.439237
1612,CUST0326,20221202,755.86,Debit,Online,ACC0695,2025-03-01 00:45:26.439252
1613,CUST0326,20220407,3623.04,Credit,ATM,ACC0628,2025-03-12 03:09:26.439289
1614,CUST0326,20221228,763.91,Credit,Online,ACC0013,2025-04-10 11:30:26.439316
1615,CUST0327,20221016,3343.91,Credit,ATM,ACC0329,2025-03-12 18:26:26.439333
1616,CUST0327,20220102,2381.57,Debit,Branch,ACC0863,2025-03-07 01:37:26.439349
1617,CUST0328,20220521,608.29,Debit,Online,ACC0094,2025-01-29 15:04:26.439365
1618,CUST0328,20220314,4377.9,Credit,Online,ACC0555,2025-02-14 00:56:26.439380
1619,CUST0328,20220306,4993.47,Credit,Online,ACC0982,2025-03-09 05:05:26.439396
1620,CUST0328,20220513,3028.58,Credit,ATM,ACC0247,2025-02-23 10:25:26.439411
1621,CUST0328,20220113,1191.39,Debit,Online,ACC0015,2025-03-12 01:17:26.439427
1622,CUST0328,20220520,3404.35,Debit,Online,ACC0019,2025-02-25 06:47:26.439444
1623,CUST0328,20220822,3707.35,Credit,Online,ACC0702,2025-02-19 23:33:26.439469
1624,CUST0329,20220929,1486.91,Credit,Online,ACC0027,2025-04-14 14:31:26.439490
1625,CUST0329,20220724,3295.87,Credit,ATM,ACC0098,2025-02-23 10:49:26.439506
1626,CUST0329,20220715,3052.35,Debit,Branch,ACC0945,2025-02-21 06:47:26.439522
1627,CUST0329,20221224,2743.07,Credit,ATM,ACC0612,2025-01-26 14:36:26.439538
1628,CUST0329,20221009,2270.32,Credit,Online,ACC0566,2025-04-09 21:10:26.439563
1629,CUST0330,20221209,894.11,Debit,Online,ACC0067,2025-01-19 20:23:26.439585
1630,CUST0330,20220720,2376.21,Debit,ATM,ACC0328,2025-03-02 09:29:26.439601
1631,CUST0330,20221227,4053.76,Credit,Branch,ACC0212,2025-04-10 20:40:26.439617
1632,CUST0330,20220426,2994.3,Debit,ATM,ACC0258,2025-04-12 01:18:26.439632
1633,CUST0330,20221006,4101.93,Credit,Branch,ACC0773,2025-03-29 12:25:26.439648
1634,CUST0330,20221022,3715.21,Credit,Branch,ACC0382,2025-01-24 03:05:26.439663
1635,CUST0331,20220423,1376.83,Credit,Online,ACC0637,2025-02-14 00:46:26.439687
1636,CUST0331,20221118,3559.67,Credit,Online,ACC0233,2025-03-15 09:03:26.439704
1637,CUST0332,20220508,4320.28,Credit,Branch,ACC0553,2025-02-13 17:45:26.439719
1638,CUST0332,20220629,3093.08,Credit,Branch,ACC0086,2025-04-04 01:26:26.439743
1639,CUST0333,20220918,4494.65,Credit,Online,ACC0158,2025-04-15 12:25:26.439764
1640,CUST0333,20221008,2712.17,Debit,ATM,ACC0633,2025-02-04 12:13:26.439780
1641,CUST0333,20220418,3103.71,Debit,Branch,ACC0708,2025-01-20 23:41:26.439796
1642,CUST0334,20221116,1096.62,Debit,ATM,ACC0623,2025-02-18 02:11:26.439811
1643,CUST0334,20220813,2864.56,Debit,Branch,ACC0783,2025-02-01 20:29:26.439829
1644,CUST0334,20220524,3076.11,Debit,ATM,ACC0679,2025-01-19 01:24:26.439852
1645,CUST0334,20220507,3737.38,Debit,Branch,ACC0633,2025-01-31 04:48:26.439869
1646,CUST0334,20220612,4154.17,Debit,Branch,ACC0109,2025-02-19 05:10:26.439884
1647,CUST0334,20220529,1220.7,Credit,ATM,ACC0232,2025-01-17 15:01:26.439901
1648,CUST0334,20220519,2272.67,Credit,Online,ACC0217,2025-02-27 12:06:26.439926
1649,CUST0335,20220920,4653.03,Credit,Online,ACC0402,2025-03-28 06:16:26.439949
1650,CUST0335,20221101,3512.71,Debit,Branch,ACC0740,2025-03-22 09:12:26.439966
1651,CUST0335,20220301,3959.52,Debit,ATM,ACC0460,2025-04-06 20:27:26.439996
1652,CUST0335,20220629,1358.84,Debit,Online,ACC0487,2025-03-19 06:41:26.440020
1653,CUST0335,20220907,3558.85,Debit,Online,ACC0605,2025-04-02 14:56:26.440036
1654,CUST0335,20220817,2955.78,Debit,Branch,ACC0676,2025-03-28 09:26:26.440052
1655,CUST0335,20220515,4227.5,Credit,ATM,ACC0602,2025-01-29 16:16:26.440067
1656,CUST0335,20220125,4484.44,Debit,Online,ACC0713,2025-01-29 19:12:26.440083
1657,CUST0336,20221011,669.43,Credit,Online,ACC0683,2025-03-05 16:35:26.440099
1658,CUST0336,20220308,4518.53,Credit,ATM,ACC0002,2025-02-09 22:12:26.440115
1659,CUST0336,20220117,3486.22,Credit,Branch,ACC0167,2025-02-11 23:15:26.440130
1660,CUST0336,20220429,4736.06,Credit,Branch,ACC0420,2025-02-22 00:54:26.440153
1661,CUST0336,20221201,4006.97,Credit,ATM,ACC0820,2025-02-13 19:03:26.440170
1662,CUST0336,20221023,4358.46,Credit,Online,ACC0556,2025-03-30 09:46:26.440186
1663,CUST0337,20221008,3756.05,Credit,Branch,ACC0790,2025-03-13 23:59:26.440201
1664,CUST0337,20221028,2654.51,Credit,Branch,ACC0148,2025-03-20 12:26:26.440217
1665,CUST0337,20220306,1612.64,Debit,Online,ACC0681,2025-01-31 18:16:26.440232
1666,CUST0337,20220913,1328.21,Debit,Branch,ACC0267,2025-03-13 20:16:26.440249
1667,CUST0337,20220925,209.47,Credit,ATM,ACC0719,2025-03-17 08:52:26.440273
1668,CUST0337,20220703,1111.0,Credit,Online,ACC0055,2025-03-25 02:35:26.440290
1669,CUST0338,20220911,3532.3,Debit,Online,ACC0034,2025-02-26 09:50:26.440306
1670,CUST0338,20220905,1514.0,Credit,ATM,ACC0930,2025-03-16 20:46:26.440322
1671,CUST0338,20220928,4200.73,Credit,Branch,ACC0859,2025-02-11 07:37:26.440337
1672,CUST0338,20220310,3527.02,Credit,Branch,ACC0220,2025-04-05 12:59:26.440356
1673,CUST0338,20221010,3213.02,Credit,Online,ACC0243,2025-02-05 01:40:26.440382
1674,CUST0338,20220324,2318.47,Credit,Branch,ACC0474,2025-02-01 21:09:26.440403
1675,CUST0339,20220304,168.36,Credit,Online,ACC0516,2025-03-15 11:39:26.440418
1676,CUST0339,20220614,3372.16,Credit,Branch,ACC0657,2025-04-13 15:55:26.440434
1677,CUST0339,20220318,4340.2,Credit,Online,ACC0104,2025-02-11 18:02:26.440450
1678,CUST0339,20220908,712.25,Credit,Branch,ACC0550,2025-03-20 20:08:26.440465
1679,CUST0339,20220911,4232.19,Credit,ATM,ACC0349,2025-02-19 13:07:26.440481
1680,CUST0339,20221229,2496.38,Debit,ATM,ACC0894,2025-02-04 08:56:26.440496
1681,CUST0339,20221112,2117.48,Debit,ATM,ACC0141,2025-03-13 18:05:26.440512
1682,CUST0339,20220810,1895.01,Credit,Online,ACC0390,2025-04-06 00:07:26.440536
1683,CUST0340,20220313,2126.37,Credit,ATM,ACC0496,2025-04-01 07:47:26.440554
1684,CUST0340,20220709,2902.45,Debit,Online,ACC0151,2025-02-22 01:19:26.440570
1685,CUST0340,20220603,183.94,Debit,Branch,ACC0708,2025-03-26 03:39:26.440586
1686,CUST0341,20220710,3492.45,Debit,ATM,ACC0160,2025-02-25 06:15:26.440609
1687,CUST0341,20220929,1495.09,Credit,ATM,ACC0929,2025-02-14 13:33:26.440632
1688,CUST0341,20221023,4340.63,Credit,ATM,ACC0443,2025-02-25 22:43:26.440659
1689,CUST0341,20221117,2571.3,Credit,Branch,ACC0073,2025-02-17 15:45:26.440675
1690,CUST0341,20220918,1388.69,Credit,ATM,ACC0710,2025-03-15 20:24:26.440691
1691,CUST0341,20220505,2724.14,Debit,Online,ACC0749,2025-04-13 05:30:26.440706
1692,CUST0341,20220701,2742.04,Debit,Branch,ACC0804,2025-03-17 08:50:26.440722
1693,CUST0342,20220606,620.16,Credit,Branch,ACC0325,2025-02-28 12:57:26.440738
1694,CUST0342,20220707,2443.99,Debit,Branch,ACC0990,2025-01-27 09:03:26.440753
1695,CUST0342,20220201,511.87,Debit,ATM,ACC0214,2025-04-06 02:26:26.440769
1696,CUST0342,20221111,584.7,Debit,Branch,ACC0811,2025-03-12 12:08:26.440784
1697,CUST0342,20220917,2554.32,Credit,Online,ACC0727,2025-04-05 10:57:26.440804
1698,CUST0342,20221214,2483.09,Debit,ATM,ACC0181,2025-02-22 19:54:26.440820
1699,CUST0343,20220408,4359.47,Credit,Online,ACC0091,2025-03-18 01:01:26.440835
1700,CUST0343,20220324,4518.11,Debit,Online,ACC0282,2025-03-09 09:07:26.440851
1701,CUST0343,20220407,4841.19,Debit,Online,ACC0518,2025-03-15 13:52:26.440866
1702,CUST0343,20221222,2290.64,Credit,Online,ACC0219,2025-02-06 05:18:26.440882
1703,CUST0343,20221220,4419.52,Credit,ATM,ACC0138,2025-01-25 08:00:26.440914
1704,CUST0343,20221203,1984.67,Credit,ATM,ACC0650,2025-02-23 16:57:26.440937
1705,CUST0343,20220111,3557.18,Credit,Branch,ACC0685,2025-02-25 06:14:26.440954
1706,CUST0344,20220416,2441.24,Credit,Online,ACC0108,2025-03-09 11:16:26.440969
1707,CUST0344,20221005,959.77,Debit,Online,ACC0356,2025-03-20 09:02:26.440987
1708,CUST0344,20221027,3847.3,Credit,Online,ACC0260,2025-02-02 09:49:26.441014
1709,CUST0344,20220805,3393.82,Debit,Branch,ACC0502,2025-02-08 22:31:26.441033
1710,CUST0344,20221009,4531.51,Credit,ATM,ACC0556,2025-03-03 03:58:26.441049
1711,CUST0344,20221029,474.99,Credit,Online,ACC0489,2025-04-09 05:52:26.441079
1712,CUST0345,20220217,338.66,Debit,Branch,ACC0123,2025-02-25 16:33:26.441099
1713,CUST0345,20220314,1727.2,Credit,Branch,ACC0133,2025-03-30 06:50:26.441115
1714,CUST0345,20220118,4640.77,Credit,Branch,ACC0007,2025-03-18 15:42:26.441131
1715,CUST0345,20221103,955.84,Credit,ATM,ACC0795,2025-02-25 11:04:26.441147
1716,CUST0345,20220819,4466.86,Debit,Branch,ACC0649,2025-03-19 08:01:26.441162
1717,CUST0346,20220223,1979.09,Debit,ATM,ACC0614,2025-01-28 17:20:26.441178
1718,CUST0346,20220519,701.02,Debit,Online,ACC0410,2025-04-05 06:44:26.441193
1719,CUST0346,20220603,4634.23,Debit,ATM,ACC0564,2025-03-10 08:26:26.441209
1720,CUST0346,20221114,4919.37,Debit,ATM,ACC0324,2025-02-22 05:28:26.441225
1721,CUST0347,20220901,4851.07,Credit,ATM,ACC0477,2025-03-02 12:20:26.441241
1722,CUST0347,20221122,4940.38,Credit,ATM,ACC0557,2025-04-08 02:25:26.441279
1723,CUST0347,20220826,1094.26,Credit,ATM,ACC0587,2025-02-19 23:11:26.441303
1724,CUST0347,20220902,2507.87,Credit,ATM,ACC0589,2025-03-06 01:13:26.441326
1725,CUST0347,20220711,2929.65,Debit,ATM,ACC0752,2025-04-12 18:28:26.441348
1726,CUST0347,20220512,4697.22,Debit,ATM,ACC0480,2025-03-30 11:00:26.441364
1727,CUST0347,20220615,4553.48,Credit,Online,ACC0034,2025-04-10 13:02:26.441382
1728,CUST0348,20220102,3224.99,Credit,Online,ACC0143,2025-03-07 12:50:26.441407
1729,CUST0348,20220201,1527.54,Credit,Online,ACC0564,2025-01-20 16:58:26.441423
1730,CUST0348,20220916,3437.94,Credit,Online,ACC0998,2025-02-21 02:09:26.441444
1731,CUST0348,20220811,1662.14,Debit,ATM,ACC0169,2025-04-05 11:23:26.441471
1732,CUST0348,20220815,2945.91,Debit,Branch,ACC0325,2025-02-21 04:04:26.441493
1733,CUST0349,20220812,2404.17,Debit,Online,ACC0126,2025-03-20 02:10:26.441515
1734,CUST0349,20220604,333.56,Debit,Branch,ACC0440,2025-04-10 18:49:26.441532
1735,CUST0350,20220711,973.57,Debit,Branch,ACC0322,2025-02-19 04:51:26.441547
1736,CUST0350,20220807,435.38,Credit,ATM,ACC0992,2025-01-18 22:16:26.441563
1737,CUST0350,20220219,1424.28,Credit,ATM,ACC0041,2025-03-16 18:23:26.441591
1738,CUST0350,20221120,1903.47,Debit,Branch,ACC0627,2025-04-10 16:10:26.441618
1739,CUST0350,20220124,4429.81,Debit,ATM,ACC0353,2025-03-24 18:29:26.441634
1740,CUST0350,20220913,3111.8,Credit,ATM,ACC0895,2025-02-12 00:37:26.441650
1741,CUST0351,20220530,3245.77,Credit,Online,ACC0756,2025-01-19 07:24:26.441666
1742,CUST0351,20221206,193.99,Debit,Online,ACC0798,2025-02-27 10:00:26.441681
1743,CUST0351,20221212,542.77,Credit,Branch,ACC0435,2025-04-01 14:12:26.441699
1744,CUST0351,20221219,3458.07,Credit,Online,ACC0760,2025-04-06 07:20:26.441724
1745,CUST0351,20220524,195.17,Debit,Branch,ACC0403,2025-02-05 15:51:26.441744
1746,CUST0352,20220206,1763.0,Credit,Branch,ACC0479,2025-02-28 05:06:26.441760
1747,CUST0352,20220809,4340.53,Credit,ATM,ACC0079,2025-01-27 11:45:26.441775
1748,CUST0353,20221103,464.79,Credit,ATM,ACC0663,2025-03-06 05:44:26.441791
1749,CUST0353,20221011,817.89,Credit,ATM,ACC0308,2025-01-21 22:27:26.441819
1750,CUST0353,20220717,3280.94,Debit,Branch,ACC0454,2025-02-28 21:14:26.441836
1751,CUST0353,20220427,1265.2,Debit,ATM,ACC0893,2025-03-21 15:35:26.441852
1752,CUST0353,20220903,4109.2,Debit,ATM,ACC0494,2025-03-14 05:39:26.441867
1753,CUST0354,20220622,1420.23,Debit,Online,ACC0406,2025-04-08 23:28:26.441883
1754,CUST0354,20220415,1601.43,Debit,Branch,ACC0534,2025-03-13 22:12:26.441898
1755,CUST0354,20220719,178.63,Debit,Branch,ACC0611,2025-02-11 18:26:26.441914
1756,CUST0354,20220302,3613.21,Credit,Branch,ACC0710,2025-02-04 00:07:26.441930
1757,CUST0354,20220810,2172.28,Credit,Online,ACC0912,2025-01-25 12:21:26.441945
1758,CUST0354,20221027,465.18,Debit,Online,ACC0380,2025-04-07 17:51:26.441961
1759,CUST0354,20220304,692.89,Debit,ATM,ACC0411,2025-03-09 23:37:26.441977
1760,CUST0354,20221206,3587.38,Credit,Branch,ACC0638,2025-03-30 05:35:26.441999
1761,CUST0355,20221217,4464.01,Credit,Online,ACC0186,2025-03-27 22:21:26.442019
1762,CUST0355,20220913,236.88,Debit,Online,ACC0976,2025-01-27 05:40:26.442035
1763,CUST0355,20220110,3859.28,Debit,Branch,ACC0615,2025-04-07 23:37:26.442214
1764,CUST0355,20220623,2504.46,Credit,ATM,ACC0692,2025-04-10 15:08:26.442280
1765,CUST0355,20220227,3079.27,Debit,Online,ACC0447,2025-02-23 21:41:26.442312
1766,CUST0355,20220301,383.82,Debit,Online,ACC0894,2025-03-24 23:45:26.442331
1767,CUST0355,20221206,4953.86,Credit,ATM,ACC0909,2025-04-12 21:11:26.442348
1768,CUST0355,20220504,2654.94,Credit,Branch,ACC0351,2025-03-11 11:08:26.442365
1769,CUST0356,20220826,4095.77,Credit,ATM,ACC0366,2025-01-15 03:33:26.442381
1770,CUST0356,20220305,1139.14,Credit,ATM,ACC0500,2025-01-24 17:44:26.442397
1771,CUST0356,20221102,2548.15,Debit,Branch,ACC0738,2025-03-20 12:03:26.442413
1772,CUST0357,20220705,3446.29,Credit,Branch,ACC0526,2025-03-27 03:08:26.442429
1773,CUST0357,20221116,4191.54,Debit,Online,ACC0515,2025-02-26 10:11:26.442444
1774,CUST0357,20220829,1208.8,Debit,Branch,ACC0142,2025-04-03 21:33:26.442460
1775,CUST0357,20220301,4155.06,Debit,ATM,ACC0137,2025-02-22 00:16:26.442475
1776,CUST0357,20221106,1593.9,Debit,Online,ACC0863,2025-04-08 15:26:26.442491
1777,CUST0358,20220627,3725.3,Debit,Branch,ACC0732,2025-02-06 22:48:26.442507
1778,CUST0358,20220927,2168.77,Debit,Online,ACC0769,2025-03-24 19:36:26.442522
1779,CUST0358,20220512,1160.04,Credit,Online,ACC0484,2025-03-18 17:12:26.442538
1780,CUST0358,20220816,2199.11,Debit,Branch,ACC0139,2025-04-10 15:25:26.442554
1781,CUST0358,20221228,1839.04,Debit,ATM,ACC0055,2025-02-07 10:09:26.442569
1782,CUST0359,20220523,3728.08,Debit,ATM,ACC0675,2025-04-02 17:47:26.442585
1783,CUST0359,20220525,3868.72,Credit,Online,ACC0794,2025-04-14 13:36:26.442600
1784,CUST0360,20220725,2533.63,Credit,Online,ACC0793,2025-01-27 02:24:26.442616
1785,CUST0360,20220514,1835.15,Credit,Branch,ACC0857,2025-03-18 00:15:26.442632
1786,CUST0360,20220806,1862.69,Debit,Online,ACC0384,2025-02-24 12:16:26.442647
1787,CUST0360,20220320,2560.26,Credit,Online,ACC0353,2025-03-09 10:45:26.442662
1788,CUST0360,20220727,1637.0,Debit,Branch,ACC0063,2025-04-10 10:18:26.442693
1789,CUST0360,20220606,179.42,Credit,ATM,ACC0529,2025-01-23 19:24:26.442720
1790,CUST0360,20220104,676.85,Credit,Branch,ACC0537,2025-01-28 07:00:26.442933
1791,CUST0360,20220103,2862.32,Credit,ATM,ACC0093,2025-01-21 18:06:26.443010
1792,CUST0361,20221231,4469.41,Debit,Branch,ACC0733,2025-02-12 05:25:26.443048
1793,CUST0361,20220408,2239.13,Credit,Online,ACC0177,2025-03-17 18:21:26.443078
1794,CUST0362,20220530,402.39,Credit,Branch,ACC0751,2025-02-02 06:26:26.443098
1795,CUST0362,20220813,2741.21,Debit,Branch,ACC0351,2025-01-15 10:31:26.443114
1796,CUST0362,20220822,335.97,Debit,Online,ACC0563,2025-02-19 17:30:26.443143
1797,CUST0362,20220824,3861.19,Debit,ATM,ACC0793,2025-02-28 00:08:26.443176
1798,CUST0362,20220609,4651.28,Debit,ATM,ACC0696,2025-01-31 09:41:26.443208
1799,CUST0363,20220810,4524.56,Credit,Online,ACC0030,2025-03-20 16:30:26.443225
1800,CUST0363,20220510,1922.42,Debit,Branch,ACC0958,2025-04-14 13:56:26.443240
1801,CUST0363,20221207,3585.13,Credit,Online,ACC0276,2025-03-17 23:08:26.443257
1802,CUST0363,20221226,4112.03,Credit,Online,ACC0848,2025-03-31 18:32:26.443279
1803,CUST0363,20220617,1299.84,Credit,ATM,ACC0330,2025-02-27 03:14:26.443300
1804,CUST0363,20220922,2136.17,Debit,Branch,ACC0303,2025-04-09 02:51:26.443323
1805,CUST0363,20221108,2403.12,Debit,Online,ACC0072,2025-03-11 16:32:26.443349
1806,CUST0364,20220107,3193.25,Credit,ATM,ACC0038,2025-02-08 17:42:26.443374
1807,CUST0364,20220614,2585.81,Debit,Online,ACC0824,2025-02-14 17:09:26.443391
1808,CUST0364,20220327,687.12,Credit,Online,ACC0823,2025-02-02 16:34:26.443407
1809,CUST0364,20220511,1134.25,Debit,ATM,ACC0931,2025-03-30 05:08:26.443423
1810,CUST0365,20220217,4715.38,Credit,ATM,ACC0549,2025-01-21 14:13:26.443438
1811,CUST0365,20220115,1012.46,Credit,Branch,ACC0205,2025-03-30 08:01:26.443454
1812,CUST0366,20221124,1444.67,Credit,ATM,ACC0026,2025-02-17 20:54:26.443469
1813,CUST0366,20220408,4306.13,Debit,ATM,ACC0115,2025-03-28 23:19:26.443490
1814,CUST0366,20220901,2650.91,Credit,ATM,ACC0300,2025-01-31 17:04:26.443530
1815,CUST0366,20221226,1320.78,Credit,Branch,ACC0990,2025-03-23 19:24:26.443560
1816,CUST0366,20220212,3901.96,Debit,Branch,ACC0751,2025-03-31 23:12:26.443577
1817,CUST0366,20220117,4303.86,Credit,Online,ACC0383,2025-04-10 19:30:26.443593
1818,CUST0366,20220108,1657.5,Debit,ATM,ACC0168,2025-01-19 07:34:26.443609
1819,CUST0367,20220712,3205.25,Debit,Online,ACC0746,2025-04-04 12:03:26.443624
1820,CUST0367,20221219,4397.41,Credit,Online,ACC0971,2025-01-15 07:26:26.443640
1821,CUST0367,20220430,134.21,Credit,Online,ACC0092,2025-03-10 19:44:26.443655
1822,CUST0367,20220214,692.69,Credit,Online,ACC0919,2025-03-22 00:38:26.443671
1823,CUST0367,20220109,1205.81,Credit,Online,ACC0196,2025-02-14 06:58:26.443686
1824,CUST0367,20220214,1784.36,Debit,Online,ACC0615,2025-04-09 23:32:26.443702
1825,CUST0367,20220312,1325.14,Credit,ATM,ACC0539,2025-01-21 06:04:26.443726
1826,CUST0367,20220313,982.3,Credit,ATM,ACC0441,2025-02-26 08:11:26.443752
1827,CUST0368,20220608,1819.89,Debit,Online,ACC0513,2025-01-24 22:56:26.443773
1828,CUST0368,20220807,1570.9,Credit,Branch,ACC0877,2025-03-21 11:38:26.443788
1829,CUST0369,20220322,3679.72,Debit,Online,ACC0323,2025-04-01 09:12:26.443804
1830,CUST0369,20220202,1342.39,Credit,Branch,ACC0298,2025-03-02 23:23:26.443822
1831,CUST0369,20220618,1966.21,Debit,Branch,ACC0863,2025-04-09 12:53:26.443847
1832,CUST0370,20220331,4046.03,Credit,Branch,ACC0348,2025-03-19 12:05:26.443869
1833,CUST0370,20221216,638.17,Credit,ATM,ACC0510,2025-04-14 02:46:26.443885
1834,CUST0370,20220406,1993.67,Credit,ATM,ACC0728,2025-01-15 00:53:26.443903
1835,CUST0370,20221207,273.91,Debit,Online,ACC0604,2025-01-23 06:12:26.443928
1836,CUST0371,20220614,639.52,Credit,Online,ACC0792,2025-02-13 02:26:26.443949
1837,CUST0371,20220428,2542.09,Debit,ATM,ACC0465,2025-04-11 06:49:26.443964
1838,CUST0371,20221115,1561.89,Credit,ATM,ACC0215,2025-04-02 10:55:26.443981
1839,CUST0371,20220924,2184.74,Debit,Branch,ACC0988,2025-04-04 16:28:26.444004
1840,CUST0371,20220821,133.88,Credit,ATM,ACC0382,2025-03-12 03:59:26.444026
1841,CUST0371,20221126,3256.17,Credit,Branch,ACC0265,2025-01-24 00:05:26.444052
1842,CUST0372,20221230,3664.08,Credit,ATM,ACC0304,2025-02-06 22:04:26.444071
1843,CUST0372,20220422,3140.06,Debit,Online,ACC0681,2025-02-25 23:18:26.444087
1844,CUST0373,20220524,4621.8,Credit,Online,ACC0100,2025-04-10 11:57:26.444103
1845,CUST0373,20221231,4870.75,Credit,Branch,ACC0300,2025-02-07 01:09:26.444118
1846,CUST0373,20221104,1362.45,Credit,Branch,ACC0901,2025-02-12 05:52:26.444142
1847,CUST0373,20220101,2772.95,Credit,ATM,ACC0769,2025-03-29 06:46:26.444167
1848,CUST0373,20220510,4312.94,Credit,Branch,ACC0531,2025-01-16 19:44:26.444192
1849,CUST0373,20220216,3254.57,Debit,ATM,ACC0567,2025-01-21 21:46:26.444208
1850,CUST0374,20220529,157.9,Debit,Online,ACC0072,2025-03-08 12:55:26.444235
1851,CUST0374,20221224,2369.11,Credit,Branch,ACC0487,2025-02-19 23:56:26.444262
1852,CUST0374,20221008,1565.07,Credit,Online,ACC0610,2025-03-28 07:10:26.444286
1853,CUST0374,20221005,913.91,Debit,ATM,ACC0664,2025-03-12 09:12:26.444303
1854,CUST0375,20220330,4667.91,Debit,Branch,ACC0572,2025-02-06 02:54:26.444319
1855,CUST0375,20220518,4702.82,Debit,Online,ACC0423,2025-02-02 13:47:26.444334
1856,CUST0375,20220809,3654.16,Debit,ATM,ACC0725,2025-04-04 04:42:26.444356
1857,CUST0375,20220831,3493.64,Credit,ATM,ACC0723,2025-03-03 11:42:26.444376
1858,CUST0376,20221021,3285.64,Debit,Online,ACC0264,2025-03-02 04:09:26.444396
1859,CUST0376,20220329,1415.86,Credit,Online,ACC0898,2025-03-09 19:24:26.444420
1860,CUST0376,20220415,3124.22,Debit,ATM,ACC0064,2025-02-19 12:26:26.444445
1861,CUST0376,20220215,4493.9,Debit,Online,ACC0499,2025-02-16 15:24:26.444470
1862,CUST0376,20220907,593.39,Debit,Branch,ACC0450,2025-02-10 08:24:26.444494
1863,CUST0376,20220415,136.37,Debit,Online,ACC0854,2025-01-16 17:29:26.444510
1864,CUST0377,20220523,4970.16,Debit,Online,ACC0676,2025-04-09 15:35:26.444526
1865,CUST0377,20220703,3780.09,Credit,ATM,ACC0941,2025-02-18 23:14:26.444550
1866,CUST0378,20220217,305.11,Credit,ATM,ACC0424,2025-04-13 22:53:26.444572
1867,CUST0378,20221017,1998.1,Credit,ATM,ACC0096,2025-03-17 00:38:26.444598
1868,CUST0378,20220925,4555.98,Credit,Branch,ACC0084,2025-03-04 15:37:26.444616
1869,CUST0378,20220415,2344.43,Debit,Branch,ACC0634,2025-02-14 22:48:26.444632
1870,CUST0378,20221111,3748.5,Debit,ATM,ACC0068,2025-02-24 00:30:26.444647
1871,CUST0379,20220410,3417.09,Credit,ATM,ACC0645,2025-02-23 06:49:26.444663
1872,CUST0379,20220508,4893.54,Credit,Online,ACC0926,2025-02-22 21:50:26.444678
1873,CUST0379,20220319,2706.43,Credit,Online,ACC0300,2025-02-09 18:05:26.444694
1874,CUST0379,20221027,3367.36,Credit,Branch,ACC0618,2025-03-03 17:20:26.444710
1875,CUST0379,20220320,4292.95,Debit,ATM,ACC0912,2025-04-13 05:12:26.444726
1876,CUST0379,20221209,3207.5,Credit,ATM,ACC0400,2025-03-14 05:01:26.444741
1877,CUST0380,20221118,3496.35,Credit,Online,ACC0728,2025-03-29 08:57:26.444757
1878,CUST0380,20220302,4894.65,Credit,Online,ACC0184,2025-03-26 17:10:26.444773
1879,CUST0380,20220705,2996.02,Debit,ATM,ACC0336,2025-04-01 18:18:26.444788
1880,CUST0380,20220429,4332.51,Debit,ATM,ACC0626,2025-03-16 21:38:26.444804
1881,CUST0380,20221026,819.12,Credit,Branch,ACC0581,2025-04-03 02:48:26.444819
1882,CUST0380,20220526,433.81,Credit,Online,ACC0426,2025-01-25 17:03:26.444835
1883,CUST0380,20220327,4137.41,Credit,Online,ACC0161,2025-03-05 13:41:26.444850
1884,CUST0381,20220812,3329.24,Credit,Online,ACC0850,2025-01-27 10:34:26.444866
1885,CUST0381,20220524,1516.11,Credit,Branch,ACC0439,2025-03-09 09:05:26.444882
1886,CUST0381,20220118,3126.25,Debit,ATM,ACC0523,2025-03-26 19:53:26.444897
1887,CUST0381,20220505,488.97,Debit,Branch,ACC0718,2025-01-21 19:11:26.444921
1888,CUST0381,20220426,4084.5,Debit,Branch,ACC0387,2025-04-12 00:42:26.444946
1889,CUST0381,20220213,516.78,Credit,Branch,ACC0774,2025-02-25 13:17:26.444963
1890,CUST0382,20220203,2065.01,Credit,Online,ACC0461,2025-02-25 19:18:26.444980
1891,CUST0382,20221211,4140.79,Credit,Online,ACC0483,2025-01-19 16:38:26.445005
1892,CUST0382,20221115,2453.8,Debit,Online,ACC0877,2025-03-31 02:40:26.445027
1893,CUST0382,20221011,3842.58,Credit,ATM,ACC0935,2025-02-19 22:03:26.445043
1894,CUST0382,20220816,1154.6,Credit,Branch,ACC0490,2025-02-13 07:03:26.445058
1895,CUST0382,20220930,1706.58,Debit,Online,ACC0150,2025-02-28 12:07:26.445074
1896,CUST0382,20220604,1817.04,Credit,Branch,ACC0648,2025-02-17 12:31:26.445089
1897,CUST0382,20220322,4515.1,Debit,Online,ACC0689,2025-02-16 02:29:26.445111
1898,CUST0383,20221101,4987.77,Credit,ATM,ACC0709,2025-02-01 17:10:26.445136
1899,CUST0383,20220811,1289.83,Debit,ATM,ACC0706,2025-03-23 17:25:26.445386
1900,CUST0384,20220407,4524.39,Debit,Online,ACC0748,2025-03-31 05:35:26.445442
1901,CUST0384,20220606,1141.68,Credit,Online,ACC0072,2025-02-22 13:50:26.445470
1902,CUST0384,20220407,2113.02,Credit,Branch,ACC0350,2025-02-14 04:52:26.445490
1903,CUST0384,20220427,4685.22,Credit,Branch,ACC0987,2025-02-03 09:05:26.445508
1904,CUST0384,20220613,3550.36,Credit,ATM,ACC0478,2025-02-06 15:23:26.445532
1905,CUST0384,20220904,1806.43,Credit,ATM,ACC0230,2025-01-22 04:48:26.445558
1906,CUST0384,20220719,4347.23,Credit,Branch,ACC0027,2025-03-04 20:35:26.445585
1907,CUST0384,20221225,297.07,Credit,ATM,ACC0414,2025-03-09 20:03:26.445608
1908,CUST0385,20221002,2627.99,Debit,Branch,ACC0206,2025-03-23 01:00:26.445625
1909,CUST0385,20221120,4418.48,Credit,Online,ACC0649,2025-03-12 18:53:26.445649
1910,CUST0385,20221030,1715.77,Credit,Branch,ACC0572,2025-04-10 05:48:26.445675
1911,CUST0386,20221028,1042.63,Debit,Online,ACC0353,2025-03-14 16:06:26.445697
1912,CUST0386,20220105,4352.01,Debit,Branch,ACC0267,2025-03-27 17:47:26.445713
1913,CUST0386,20220113,1484.04,Debit,Branch,ACC0319,2025-03-31 13:29:26.445728
1914,CUST0386,20220708,674.89,Debit,Online,ACC0998,2025-02-12 16:27:26.445748
1915,CUST0386,20220220,4787.94,Credit,Branch,ACC0065,2025-01-20 08:30:26.445774
1916,CUST0386,20220503,3912.54,Debit,Online,ACC0225,2025-01-19 14:48:26.445798
1917,CUST0386,20220214,3483.98,Credit,ATM,ACC0396,2025-02-25 04:04:26.445814
1918,CUST0386,20220406,3594.66,Debit,ATM,ACC0669,2025-03-28 01:42:26.445829
1919,CUST0387,20221016,4725.84,Debit,Branch,ACC0888,2025-03-24 05:40:26.445845
1920,CUST0387,20221114,2073.37,Credit,ATM,ACC0552,2025-04-11 02:52:26.445861
1921,CUST0387,20220410,4067.13,Credit,Branch,ACC0577,2025-03-07 09:58:26.445876
1922,CUST0387,20220801,4332.98,Credit,Branch,ACC0674,2025-04-08 16:50:26.445892
1923,CUST0388,20220422,3524.81,Debit,Branch,ACC0576,2025-03-20 02:13:26.445908
1924,CUST0388,20220220,3224.92,Credit,Branch,ACC0798,2025-01-22 00:06:26.445923
1925,CUST0388,20220829,4568.45,Debit,Branch,ACC0072,2025-03-22 19:29:26.445938
1926,CUST0388,20220605,2072.05,Credit,Branch,ACC0814,2025-03-22 07:36:26.445954
1927,CUST0388,20220724,1828.02,Credit,Branch,ACC0982,2025-02-22 08:06:26.445970
1928,CUST0388,20220121,1182.74,Debit,Branch,ACC0396,2025-03-03 17:53:26.445987
1929,CUST0388,20220616,1299.1,Debit,Online,ACC0615,2025-04-08 06:52:26.446011
1930,CUST0388,20221102,1885.86,Debit,Online,ACC0953,2025-01-17 19:13:26.446034
1931,CUST0389,20220516,1591.92,Credit,ATM,ACC0391,2025-02-24 01:12:26.446050
1932,CUST0389,20220531,3542.36,Credit,ATM,ACC0522,2025-02-02 03:25:26.446071
1933,CUST0389,20220108,2566.71,Debit,Branch,ACC0014,2025-02-23 16:56:26.446097
1934,CUST0389,20220110,4311.25,Credit,Branch,ACC0358,2025-03-10 03:32:26.446117
1935,CUST0389,20220802,4476.28,Credit,Branch,ACC0802,2025-02-14 21:52:26.446133
1936,CUST0389,20220829,4015.09,Debit,ATM,ACC0638,2025-02-19 18:39:26.446148
1937,CUST0389,20221010,3790.85,Credit,ATM,ACC0802,2025-02-18 20:14:26.446163
1938,CUST0390,20220824,544.14,Debit,Online,ACC0890,2025-02-07 11:21:26.446179
1939,CUST0390,20221113,4015.39,Debit,Online,ACC0735,2025-04-02 20:47:26.446195
1940,CUST0390,20220423,2312.85,Credit,ATM,ACC0794,2025-03-02 12:07:26.446211
1941,CUST0390,20220407,2761.63,Credit,ATM,ACC0057,2025-01-26 00:50:26.446226
1942,CUST0390,20221121,2542.01,Debit,Online,ACC0877,2025-03-03 05:11:26.446242
1943,CUST0390,20220102,4485.13,Debit,ATM,ACC0452,2025-03-16 04:36:26.446258
1944,CUST0391,20220613,3052.19,Credit,Branch,ACC0187,2025-01-25 02:38:26.446274
1945,CUST0391,20220212,4546.06,Debit,Branch,ACC0155,2025-04-09 06:11:26.446289
1946,CUST0391,20220203,2138.72,Debit,Branch,ACC0788,2025-04-06 22:04:26.446305
1947,CUST0392,20220920,2393.17,Debit,Online,ACC0872,2025-01-26 22:48:26.446320
1948,CUST0392,20220304,3939.08,Debit,ATM,ACC0236,2025-03-18 10:53:26.446336
1949,CUST0392,20220520,2762.27,Debit,Branch,ACC0017,2025-02-28 09:40:26.446351
1950,CUST0392,20220828,4525.24,Credit,Branch,ACC0735,2025-04-04 10:52:26.446367
1951,CUST0392,20220504,3645.85,Debit,Branch,ACC0758,2025-04-07 18:53:26.446383
1952,CUST0392,20220920,2771.88,Credit,Branch,ACC0219,2025-02-12 17:42:26.446399
1953,CUST0393,20220920,4231.45,Debit,ATM,ACC0182,2025-03-23 22:09:26.446414
1954,CUST0393,20220306,3716.79,Credit,ATM,ACC0311,2025-01-23 03:47:26.446430
1955,CUST0393,20220815,381.83,Credit,ATM,ACC0983,2025-03-20 08:12:26.446445
1956,CUST0393,20221201,3572.04,Debit,ATM,ACC0451,2025-04-08 00:12:26.446465
1957,CUST0393,20220829,2774.22,Debit,Branch,ACC0437,2025-04-13 23:16:26.446487
1958,CUST0394,20220715,2625.68,Debit,Online,ACC0099,2025-04-10 02:31:26.446509
1959,CUST0394,20220916,280.95,Credit,Branch,ACC0118,2025-02-20 20:49:26.446535
1960,CUST0394,20221016,4329.42,Credit,Online,ACC0162,2025-03-26 04:49:26.446574
1961,CUST0394,20220830,4719.85,Credit,Online,ACC0535,2025-01-15 00:14:26.446600
1962,CUST0395,20220825,2713.95,Debit,Online,ACC0690,2025-03-06 05:49:26.446624
1963,CUST0395,20220611,3756.34,Debit,Branch,ACC0106,2025-03-21 13:37:26.446648
1964,CUST0395,20220321,4165.61,Credit,Branch,ACC0976,2025-01-18 12:56:26.446664
1965,CUST0395,20221205,1071.85,Debit,ATM,ACC0836,2025-01-21 03:00:26.446680
1966,CUST0395,20220522,3714.79,Debit,ATM,ACC0550,2025-01-30 10:47:26.446695
1967,CUST0395,20221210,4877.25,Debit,ATM,ACC0307,2025-02-11 23:15:26.446711
1968,CUST0396,20220216,1437.49,Debit,Online,ACC0949,2025-04-10 19:13:26.446727
1969,CUST0396,20220502,4267.77,Credit,Online,ACC0103,2025-01-22 00:48:26.446743
1970,CUST0397,20221104,3335.89,Credit,Online,ACC0016,2025-01-30 08:36:26.446758
1971,CUST0397,20220502,109.16,Credit,Branch,ACC0103,2025-03-07 04:21:26.446774
1972,CUST0397,20220812,444.68,Debit,Branch,ACC0437,2025-04-13 10:59:26.446790
1973,CUST0397,20220208,3322.47,Credit,Online,ACC0859,2025-04-07 20:28:26.446814
1974,CUST0397,20220205,2158.94,Debit,ATM,ACC0248,2025-02-05 21:28:26.446836
1975,CUST0397,20220628,3792.68,Credit,Online,ACC0153,2025-01-19 10:20:26.446852
1976,CUST0397,20221120,4041.71,Debit,Branch,ACC0540,2025-04-09 06:58:26.446868
1977,CUST0398,20221108,4321.36,Debit,Online,ACC0159,2025-04-04 16:07:26.446883
1978,CUST0398,20220506,1839.96,Credit,ATM,ACC0239,2025-02-16 16:27:26.446903
1979,CUST0398,20220217,968.41,Debit,ATM,ACC0985,2025-03-29 08:01:26.446928
1980,CUST0398,20220616,2065.14,Debit,Branch,ACC0131,2025-03-12 05:40:26.446946
1981,CUST0399,20220703,3368.88,Credit,Branch,ACC0024,2025-03-04 08:14:26.446962
1982,CUST0399,20220318,4969.62,Credit,ATM,ACC0924,2025-02-24 15:32:26.446978
1983,CUST0399,20220324,1297.25,Debit,ATM,ACC0451,2025-03-28 05:25:26.446994
1984,CUST0399,20220314,537.18,Credit,Branch,ACC0372,2025-03-14 23:59:26.447009
1985,CUST0399,20221127,1025.74,Credit,Online,ACC0598,2025-02-14 19:03:26.447025
1986,CUST0400,20220524,3691.05,Debit,Branch,ACC0748,2025-01-15 23:42:26.447040
1987,CUST0400,20221005,144.72,Credit,Branch,ACC0310,2025-03-13 00:21:26.447056
1988,CUST0400,20220619,4152.36,Credit,Online,ACC0294,2025-02-19 09:52:26.447075
1989,CUST0400,20221121,930.77,Credit,ATM,ACC0617,2025-02-05 05:48:26.447101
1990,CUST0400,20220917,4016.64,Debit,Branch,ACC0633,2025-04-10 02:39:26.447119
1991,CUST0401,20220815,746.1,Debit,ATM,ACC0682,2025-01-16 09:40:26.447135
1992,CUST0401,20221211,397.84,Credit,Online,ACC0328,2025-01-22 01:09:26.447155
1993,CUST0402,20221121,3514.03,Credit,Online,ACC0941,2025-02-22 04:28:26.447198
1994,CUST0402,20220102,1733.64,Credit,Online,ACC0801,2025-01-16 04:53:26.447217
1995,CUST0402,20220823,3277.03,Credit,Online,ACC0550,2025-01-30 03:16:26.447233
1996,CUST0402,20221022,2080.36,Credit,Branch,ACC0539,2025-02-12 18:01:26.447249
1997,CUST0402,20220914,4412.52,Debit,Branch,ACC0822,2025-03-03 03:29:26.447270
1998,CUST0402,20220316,313.33,Debit,Online,ACC0734,2025-01-26 00:21:26.447286
1999,CUST0402,20220817,485.33,Debit,Branch,ACC0324,2025-03-26 23:40:26.447301
2000,CUST0403,20220825,789.05,Credit,ATM,ACC0302,2025-02-05 11:37:26.447317
